clip,class
1000-1043_record4_drive3_x2.mp4,NLC
1000-1054_record5_drive3_x2.mp4,NLC
1000-1063_record4_drive3_x2.mp4,NLC
1000-1074_record5_drive3_x2.mp4,NLC
1000-1114_record5_drive3_x2.mp4,NLC
1000-1154_record5_drive3_x2.mp4,NLC
1000-1194_record5_drive3_x2.mp4,NLC
10020-11225_record2_drive1_x2.mp4,NLC
10020-11245_record2_drive1_x2.mp4,NLC
10033-11238_record2_drive1_x2.mp4,NLC
1004-1046_record4_drive3_x2.mp4,NLC
1004-1066_record4_drive3_x2.mp4,NLC
1004-1106_record4_drive3_x2.mp4,NLC
1004-1146_record4_drive3_x2.mp4,NLC
1004-1186_record4_drive3_x2.mp4,NLC
10097-11311_record2_drive1_x2.mp4,NLC
10097-11331_record2_drive1_x2.mp4,NLC
10172-11402_record2_drive1_x2.mp4,NLC
10172-11422_record2_drive1_x2.mp4,NLC
10172-11462_record2_drive1_x2.mp4,NLC
10240-11482_record2_drive1_x2.mp4,NLC
10241-11560_record2_drive1_x2.mp4,NLC
10241-11580_record2_drive1_x2.mp4,NLC
10241-11620_record2_drive1_x2.mp4,NLC
10241-11660_record2_drive1_x2.mp4,NLC
10268-11519_record2_drive1_x2.mp4,NLC
10268-11539_record2_drive1_x2.mp4,NLC
10268-11579_record2_drive1_x2.mp4,NLC
10294-11552_record2_drive1_x2.mp4,NLC
10295-11552_record2_drive1_x2.mp4,NLC
10325-11630_record2_drive1_x2.mp4,NLC
10325-11650_record2_drive1_x2.mp4,NLC
1036-1064_record4_drive3_x2.mp4,NLC
1036-1084_record4_drive3_x2.mp4,NLC
1036-1089_record5_drive3_x2.mp4,NLC
1036-1109_record5_drive3_x2.mp4,NLC
1036-1149_record5_drive3_x2.mp4,NLC
1036-1189_record5_drive3_x2.mp4,NLC
1036-1229_record5_drive3_x2.mp4,NLC
10386-11725_record2_drive1_x2.mp4,NLC
10386-11745_record2_drive1_x2.mp4,NLC
10386-11785_record2_drive1_x2.mp4,NLC
10389-11735_record2_drive1_x2.mp4,NLC
10389-11755_record2_drive1_x2.mp4,NLC
10405-11791_record2_drive1_x2.mp4,NLC
10426-11846_record2_drive1_x2.mp4,NLC
10426-11866_record2_drive1_x2.mp4,NLC
10457-11893_record2_drive1_x2.mp4,NLC
10508-12066_record2_drive1_x2.mp4,NLC
10557-12205_record2_drive1_x2.mp4,NLC
10560-12205_record2_drive1_x2.mp4,NLC
10560-12225_record2_drive1_x2.mp4,NLC
10574-12345_record2_drive1_x2.mp4,NLC
10574-12365_record2_drive1_x2.mp4,NLC
10574-12405_record2_drive1_x2.mp4,NLC
10574-12445_record2_drive1_x2.mp4,NLC
10574-12485_record2_drive1_x2.mp4,NLC
10581-12237_record2_drive1_x2.mp4,NLC
1059-1106_record5_drive3_x2.mp4,NLC
1059-1126_record5_drive3_x2.mp4,NLC
1059-1166_record5_drive3_x2.mp4,NLC
1059-1206_record5_drive3_x2.mp4,NLC
10599-12293_record2_drive1_x2.mp4,NLC
1060-1074_record4_drive3_x2.mp4,NLC
10605-12302_record2_drive1_x2.mp4,NLC
10609-12310_record2_drive1_x2.mp4,NLC
10612-12318_record2_drive1_x2.mp4,NLC
10625-12356_record2_drive1_x2.mp4,NLC
10625-12376_record2_drive1_x2.mp4,NLC
10641-12455_record2_drive1_x2.mp4,NLC
10641-12475_record2_drive1_x2.mp4,NLC
10641-12515_record2_drive1_x2.mp4,NLC
10641-12555_record2_drive1_x2.mp4,NLC
10649-12517_record2_drive1_x2.mp4,NLC
10649-12537_record2_drive1_x2.mp4,NLC
10649-12577_record2_drive1_x2.mp4,NLC
10649-12617_record2_drive1_x2.mp4,NLC
10661-12580_record2_drive1_x2.mp4,NLC
10677-12697_record2_drive1_x2.mp4,NLC
10677-12717_record2_drive1_x2.mp4,NLC
10677-12757_record2_drive1_x2.mp4,NLC
10677-12797_record2_drive1_x2.mp4,NLC
10677-12837_record2_drive1_x2.mp4,NLC
1069-1116_record5_drive3_x2.mp4,NLC
1069-1136_record5_drive3_x2.mp4,NLC
10708-12774_record2_drive1_x2.mp4,NLC
1071-1119_record5_drive3_x2.mp4,NLC
1071-1139_record5_drive3_x2.mp4,NLC
1071-1179_record5_drive3_x2.mp4,NLC
1071-1219_record5_drive3_x2.mp4,NLC
1071-1259_record5_drive3_x2.mp4,NLC
10732-12805_record2_drive1_x2.mp4,NLC
1083-1126_record5_drive3_x2.mp4,NLC
10856-13097_record2_drive1_x2.mp4,NLC
109-135_record4_drive3_x2.mp4,NLC
109-175_record4_drive3_x2.mp4,NLC
109-215_record4_drive3_x2.mp4,NLC
109-75_record4_drive3_x2.mp4,NLC
109-95_record4_drive3_x2.mp4,NLC
10902-13160_record2_drive1_x2.mp4,NLC
10902-13180_record2_drive1_x2.mp4,NLC
10902-13220_record2_drive1_x2.mp4,NLC
10934-13233_record2_drive1_x2.mp4,NLC
10934-13253_record2_drive1_x2.mp4,NLC
10944-13248_record2_drive1_x2.mp4,NLC
10944-13268_record2_drive1_x2.mp4,NLC
10944-13308_record2_drive1_x2.mp4,NLC
10960-13275_record2_drive1_x2.mp4,NLC
10960-13295_record2_drive1_x2.mp4,NLC
10960-13335_record2_drive1_x2.mp4,NLC
11005-13338_record2_drive1_x2.mp4,NLC
11005-13358_record2_drive1_x2.mp4,NLC
1102-1091_record4_drive3_x2.mp4,NLC
1102-1111_record4_drive3_x2.mp4,NLC
1102-1151_record4_drive3_x2.mp4,NLC
11023-13370_record2_drive1_x2.mp4,NLC
11024-13373_record2_drive1_x2.mp4,NLC
11024-13393_record2_drive1_x2.mp4,NLC
11024-13433_record2_drive1_x2.mp4,NLC
11024-13473_record2_drive1_x2.mp4,NLC
11062-13412_record2_drive1_x2.mp4,NLC
11062-13432_record2_drive1_x2.mp4,NLC
11062-13472_record2_drive1_x2.mp4,NLC
11062-13512_record2_drive1_x2.mp4,NLC
11074-13432_record2_drive1_x2.mp4,NLC
11102-13460_record2_drive1_x2.mp4,NLC
11133-13521_record2_drive1_x2.mp4,NLC
11133-13541_record2_drive1_x2.mp4,NLC
11133-13581_record2_drive1_x2.mp4,NLC
11133-13621_record2_drive1_x2.mp4,NLC
11133-13747_record2_drive1_x2.mp4,NLC
11135-13521_record2_drive1_x2.mp4,NLC
11137-13524_record2_drive1_x2.mp4,NLC
11143-13537_record2_drive1_x2.mp4,NLC
11143-13557_record2_drive1_x2.mp4,NLC
11143-13597_record2_drive1_x2.mp4,NLC
11143-13637_record2_drive1_x2.mp4,NLC
11163-13572_record2_drive1_x2.mp4,NLC
11163-13592_record2_drive1_x2.mp4,NLC
11163-13632_record2_drive1_x2.mp4,NLC
11163-13672_record2_drive1_x2.mp4,NLC
11163-13712_record2_drive1_x2.mp4,NLC
1118-1096_record4_drive3_x2.mp4,NLC
11197-13679_record2_drive1_x2.mp4,NLC
11201-13690_record2_drive1_x2.mp4,NLC
11201-13710_record2_drive1_x2.mp4,NLC
11210-13710_record2_drive1_x2.mp4,NLC
11210-13730_record2_drive1_x2.mp4,NLC
1123-1152_record5_drive3_x2.mp4,NLC
11277-13853_record2_drive1_x2.mp4,NLC
11277-13873_record2_drive1_x2.mp4,NLC
11277-13913_record2_drive1_x2.mp4,NLC
11284-13886_record2_drive1_x2.mp4,NLC
11284-13906_record2_drive1_x2.mp4,NLC
11284-13946_record2_drive1_x2.mp4,NLC
11284-13986_record2_drive1_x2.mp4,NLC
11284-14026_record2_drive1_x2.mp4,NLC
11285-13910_record2_drive1_x2.mp4,NLC
11285-13950_record2_drive1_x2.mp4,NLC
11285-13990_record2_drive1_x2.mp4,NLC
11285-14030_record2_drive1_x2.mp4,NLC
11310-13924_record2_drive1_x2.mp4,NLC
11310-13944_record2_drive1_x2.mp4,NLC
11337-13963_record2_drive1_x2.mp4,NLC
11412-14122_record2_drive1_x2.mp4,NLC
11412-14142_record2_drive1_x2.mp4,NLC
11415-14127_record2_drive1_x2.mp4,NLC
11415-14147_record2_drive1_x2.mp4,NLC
11415-14187_record2_drive1_x2.mp4,NLC
11415-14227_record2_drive1_x2.mp4,NLC
11415-14267_record2_drive1_x2.mp4,NLC
11454-14264_record2_drive1_x2.mp4,NLC
11466-14308_record2_drive1_x2.mp4,NLC
11541-14411_record2_drive1_x2.mp4,NLC
1155-1169_record5_drive3_x2.mp4,NLC
1155-1189_record5_drive3_x2.mp4,NLC
1157-1110_record4_drive3_x2.mp4,NLC
1157-1130_record4_drive3_x2.mp4,NLC
11580-14467_record2_drive1_x2.mp4,NLC
11580-14487_record2_drive1_x2.mp4,NLC
11625-14534_record2_drive1_x2.mp4,NLC
11631-14536_record2_drive1_x2.mp4,NLC
11633-14539_record2_drive1_x2.mp4,NLC
11633-14559_record2_drive1_x2.mp4,NLC
11663-14565_record2_drive1_x2.mp4,NLC
11701-14624_record2_drive1_x2.mp4,NLC
11701-14644_record2_drive1_x2.mp4,NLC
11701-14684_record2_drive1_x2.mp4,NLC
11721-14659_record2_drive1_x2.mp4,NLC
11721-14679_record2_drive1_x2.mp4,NLC
11784-14809_record2_drive1_x2.mp4,NLC
11814-14914_record2_drive1_x2.mp4,NLC
11814-14934_record2_drive1_x2.mp4,NLC
11814-14974_record2_drive1_x2.mp4,NLC
11814-15014_record2_drive1_x2.mp4,NLC
11814-15054_record2_drive1_x2.mp4,NLC
11820-14934_record2_drive1_x2.mp4,NLC
11844-14992_record2_drive1_x2.mp4,NLC
11850-15040_record2_drive1_x2.mp4,NLC
11850-15060_record2_drive1_x2.mp4,NLC
11872-15189_record2_drive1_x2.mp4,NLC
11872-15209_record2_drive1_x2.mp4,NLC
11872-15249_record2_drive1_x2.mp4,NLC
11872-15289_record2_drive1_x2.mp4,NLC
11872-15329_record2_drive1_x2.mp4,NLC
11876-15211_record2_drive1_x2.mp4,NLC
11876-15231_record2_drive1_x2.mp4,NLC
11876-15271_record2_drive1_x2.mp4,NLC
11876-15311_record2_drive1_x2.mp4,NLC
11884-15232_record2_drive1_x2.mp4,NLC
11884-15252_record2_drive1_x2.mp4,NLC
11896-15375_record2_drive1_x2.mp4,NLC
11896-15395_record2_drive1_x2.mp4,NLC
11898-15378_record2_drive1_x2.mp4,NLC
11898-15398_record2_drive1_x2.mp4,NLC
11912-15458_record2_drive1_x2.mp4,NLC
11959-15578_record2_drive1_x2.mp4,NLC
11963-15627_record2_drive1_x2.mp4,NLC
11963-15647_record2_drive1_x2.mp4,NLC
11967-15643_record2_drive1_x2.mp4,NLC
11967-15663_record2_drive1_x2.mp4,NLC
11967-15703_record2_drive1_x2.mp4,NLC
11977-15688_record2_drive1_x2.mp4,NLC
11977-15708_record2_drive1_x2.mp4,NLC
11977-15748_record2_drive1_x2.mp4,NLC
11977-15788_record2_drive1_x2.mp4,NLC
11977-15828_record2_drive1_x2.mp4,NLC
11983-15710_record2_drive1_x2.mp4,NLC
12058-15798_record2_drive1_x2.mp4,NLC
12058-15818_record2_drive1_x2.mp4,NLC
121-111_record4_drive3_x2.mp4,NLC
121-151_record4_drive3_x2.mp4,NLC
121-191_record4_drive3_x2.mp4,NLC
121-91_record4_drive3_x2.mp4,NLC
12108-15851_record2_drive1_x2.mp4,NLC
12133-15870_record2_drive1_x2.mp4,NLC
12146-15879_record2_drive1_x2.mp4,NLC
12154-15885_record2_drive1_x2.mp4,NLC
12154-15905_record2_drive1_x2.mp4,NLC
12162-15892_record2_drive1_x2.mp4,NLC
12162-15912_record2_drive1_x2.mp4,NLC
12162-15952_record2_drive1_x2.mp4,NLC
12162-15992_record2_drive1_x2.mp4,NLC
12162-16032_record2_drive1_x2.mp4,NLC
12197-15945_record2_drive1_x2.mp4,NLC
1223-1144_record4_drive3_x2.mp4,NLC
1223-1164_record4_drive3_x2.mp4,NLC
12247-16001_record2_drive1_x2.mp4,NLC
12247-16021_record2_drive1_x2.mp4,NLC
12247-16061_record2_drive1_x2.mp4,NLC
12247-16101_record2_drive1_x2.mp4,NLC
12247-16141_record2_drive1_x2.mp4,NLC
12260-16015_record2_drive1_x2.mp4,NLC
12278-16038_record2_drive1_x2.mp4,NLC
12278-16058_record2_drive1_x2.mp4,NLC
12383-16096_record2_drive1_x2.mp4,NLC
12460-16152_record2_drive1_x2.mp4,NLC
12460-16172_record2_drive1_x2.mp4,NLC
12460-16212_record2_drive1_x2.mp4,NLC
12501-16206_record2_drive1_x2.mp4,NLC
12524-16222_record2_drive1_x2.mp4,NLC
12524-16242_record2_drive1_x2.mp4,NLC
12524-16282_record2_drive1_x2.mp4,NLC
12524-16322_record2_drive1_x2.mp4,NLC
12524-16362_record2_drive1_x2.mp4,NLC
12541-16236_record2_drive1_x2.mp4,NLC
12545-16237_record2_drive1_x2.mp4,NLC
12545-16257_record2_drive1_x2.mp4,NLC
12545-16297_record2_drive1_x2.mp4,NLC
12575-16260_record2_drive1_x2.mp4,NLC
12578-16262_record2_drive1_x2.mp4,NLC
12596-16275_record2_drive1_x2.mp4,NLC
12596-16295_record2_drive1_x2.mp4,NLC
12596-16335_record2_drive1_x2.mp4,NLC
12596-16375_record2_drive1_x2.mp4,NLC
12596-16415_record2_drive1_x2.mp4,NLC
12676-16319_record2_drive1_x2.mp4,NLC
12702-16334_record2_drive1_x2.mp4,NLC
12703-16334_record2_drive1_x2.mp4,NLC
12713-16340_record2_drive1_x2.mp4,NLC
1277-1185_record4_drive3_x2.mp4,NLC
1277-1205_record4_drive3_x2.mp4,NLC
1277-1302_record4_drive3_x2.mp4,NLC
1277-1322_record4_drive3_x2.mp4,NLC
1277-1362_record4_drive3_x2.mp4,NLC
12776-16389_record2_drive1_x2.mp4,NLC
12776-16409_record2_drive1_x2.mp4,NLC
1280-1192_record4_drive3_x2.mp4,NLC
12801-16419_record2_drive1_x2.mp4,NLC
12852-16454_record2_drive1_x2.mp4,NLC
12852-16474_record2_drive1_x2.mp4,NLC
12852-16514_record2_drive1_x2.mp4,NLC
12852-16554_record2_drive1_x2.mp4,NLC
12852-16594_record2_drive1_x2.mp4,NLC
129-103_record4_drive3_x2.mp4,NLC
129-123_record4_drive3_x2.mp4,NLC
129-163_record4_drive3_x2.mp4,NLC
129-203_record4_drive3_x2.mp4,NLC
12902-16489_record2_drive1_x2.mp4,NLC
12902-16509_record2_drive1_x2.mp4,NLC
1291-1204_record4_drive3_x2.mp4,NLC
1291-1224_record4_drive3_x2.mp4,NLC
1291-1264_record4_drive3_x2.mp4,NLC
12943-16521_record2_drive1_x2.mp4,NLC
12943-16541_record2_drive1_x2.mp4,NLC
12975-16567_record2_drive1_x2.mp4,NLC
12980-16571_record2_drive1_x2.mp4,NLC
12980-16591_record2_drive1_x2.mp4,NLC
12980-16631_record2_drive1_x2.mp4,NLC
13-2_record4_drive3_x2.mp4,NLC
130-102_record5_drive3_x2.mp4,NLC
130-82_record5_drive3_x2.mp4,NLC
1302-1210_record4_drive3_x2.mp4,NLC
13041-16664_record2_drive1_x2.mp4,NLC
13047-16670_record2_drive1_x2.mp4,NLC
13047-16690_record2_drive1_x2.mp4,NLC
13112-16772_record2_drive1_x2.mp4,NLC
13112-16792_record2_drive1_x2.mp4,NLC
13112-16832_record2_drive1_x2.mp4,NLC
13112-16872_record2_drive1_x2.mp4,NLC
13112-16912_record2_drive1_x2.mp4,NLC
1312-1217_record4_drive3_x2.mp4,NLC
132-82_record5_drive3_x2.mp4,NLC
13203-16993_record2_drive1_x2.mp4,NLC
13211-17014_record2_drive1_x2.mp4,NLC
13211-17034_record2_drive1_x2.mp4,NLC
13211-17074_record2_drive1_x2.mp4,NLC
13211-17114_record2_drive1_x2.mp4,NLC
13211-17154_record2_drive1_x2.mp4,NLC
13215-17021_record2_drive1_x2.mp4,NLC
13318-17141_record2_drive1_x2.mp4,NLC
13318-17161_record2_drive1_x2.mp4,NLC
13318-17201_record2_drive1_x2.mp4,NLC
13318-17241_record2_drive1_x2.mp4,NLC
13318-17281_record2_drive1_x2.mp4,NLC
13331-17154_record2_drive1_x2.mp4,NLC
13348-17184_record2_drive1_x2.mp4,NLC
13348-17204_record2_drive1_x2.mp4,NLC
13355-17198_record2_drive1_x2.mp4,NLC
13355-17218_record2_drive1_x2.mp4,NLC
13367-17218_record2_drive1_x2.mp4,NLC
1337-1236_record4_drive3_x2.mp4,NLC
1337-1256_record4_drive3_x2.mp4,NLC
1337-1296_record4_drive3_x2.mp4,NLC
1337-1336_record4_drive3_x2.mp4,NLC
13374-17231_record2_drive1_x2.mp4,NLC
13374-17251_record2_drive1_x2.mp4,NLC
13374-17291_record2_drive1_x2.mp4,NLC
13406-17286_record2_drive1_x2.mp4,NLC
13408-17290_record2_drive1_x2.mp4,NLC
13408-17310_record2_drive1_x2.mp4,NLC
13408-17350_record2_drive1_x2.mp4,NLC
13408-17390_record2_drive1_x2.mp4,NLC
13408-17430_record2_drive1_x2.mp4,NLC
13413-17297_record2_drive1_x2.mp4,NLC
13413-17317_record2_drive1_x2.mp4,NLC
13413-17357_record2_drive1_x2.mp4,NLC
13457-17356_record2_drive1_x2.mp4,NLC
13457-17376_record2_drive1_x2.mp4,NLC
13457-17416_record2_drive1_x2.mp4,NLC
13457-17456_record2_drive1_x2.mp4,NLC
13457-17496_record2_drive1_x2.mp4,NLC
13481-17376_record2_drive1_x2.mp4,NLC
13512-17405_record2_drive1_x2.mp4,NLC
13512-17425_record2_drive1_x2.mp4,NLC
1357-1249_record4_drive3_x2.mp4,NLC
13578-17483_record2_drive1_x2.mp4,NLC
13584-17492_record2_drive1_x2.mp4,NLC
13584-17512_record2_drive1_x2.mp4,NLC
13584-17552_record2_drive1_x2.mp4,NLC
13584-17592_record2_drive1_x2.mp4,NLC
13584-17632_record2_drive1_x2.mp4,NLC
13608-17512_record2_drive1_x2.mp4,NLC
13608-17532_record2_drive1_x2.mp4,NLC
13628-17525_record2_drive1_x2.mp4,NLC
13633-17526_record2_drive1_x2.mp4,NLC
13633-17546_record2_drive1_x2.mp4,NLC
13633-17586_record2_drive1_x2.mp4,NLC
13633-17626_record2_drive1_x2.mp4,NLC
13633-17666_record2_drive1_x2.mp4,NLC
13696-17573_record2_drive1_x2.mp4,NLC
13696-17593_record2_drive1_x2.mp4,NLC
13706-17598_record2_drive1_x2.mp4,NLC
13706-17618_record2_drive1_x2.mp4,NLC
13706-17658_record2_drive1_x2.mp4,NLC
1372-1296_record5_drive3_x2.mp4,NLC
1372-1316_record5_drive3_x2.mp4,NLC
1372-1356_record5_drive3_x2.mp4,NLC
1372-1396_record5_drive3_x2.mp4,NLC
1372-1436_record5_drive3_x2.mp4,NLC
13749-17666_record2_drive1_x2.mp4,NLC
13754-17673_record2_drive1_x2.mp4,NLC
13754-17693_record2_drive1_x2.mp4,NLC
13754-17733_record2_drive1_x2.mp4,NLC
13754-17773_record2_drive1_x2.mp4,NLC
1379-1272_record4_drive3_x2.mp4,NLC
1379-1292_record4_drive3_x2.mp4,NLC
1379-1396_record4_drive3_x2.mp4,NLC
1379-1416_record4_drive3_x2.mp4,NLC
1379-1456_record4_drive3_x2.mp4,NLC
13798-17764_record2_drive1_x2.mp4,NLC
13798-17784_record2_drive1_x2.mp4,NLC
13798-17824_record2_drive1_x2.mp4,NLC
13807-17787_record2_drive1_x2.mp4,NLC
13807-17807_record2_drive1_x2.mp4,NLC
13807-17847_record2_drive1_x2.mp4,NLC
13807-17887_record2_drive1_x2.mp4,NLC
13807-17927_record2_drive1_x2.mp4,NLC
1382-1301_record5_drive3_x2.mp4,NLC
1382-1321_record5_drive3_x2.mp4,NLC
13836-17868_record2_drive1_x2.mp4,NLC
13869-17896_record2_drive1_x2.mp4,NLC
13869-17916_record2_drive1_x2.mp4,NLC
13869-17956_record2_drive1_x2.mp4,NLC
13869-17996_record2_drive1_x2.mp4,NLC
13878-17905_record2_drive1_x2.mp4,NLC
13878-17925_record2_drive1_x2.mp4,NLC
13878-17965_record2_drive1_x2.mp4,NLC
13878-18005_record2_drive1_x2.mp4,NLC
13878-18045_record2_drive1_x2.mp4,NLC
1392-1290_record4_drive3_x2.mp4,NLC
1392-1310_record4_drive3_x2.mp4,NLC
13938-18002_record2_drive1_x2.mp4,NLC
13938-18022_record2_drive1_x2.mp4,NLC
13938-18062_record2_drive1_x2.mp4,NLC
13938-18102_record2_drive1_x2.mp4,NLC
13938-18142_record2_drive1_x2.mp4,NLC
13955-18059_record2_drive1_x2.mp4,NLC
13992-18122_record2_drive1_x2.mp4,NLC
14-2_record4_drive3_x2.mp4,NLC
140-84_record5_drive3_x2.mp4,NLC
14006-18149_record2_drive1_x2.mp4,NLC
14007-18150_record2_drive1_x2.mp4,NLC
14007-18170_record2_drive1_x2.mp4,NLC
14007-18210_record2_drive1_x2.mp4,NLC
14007-18250_record2_drive1_x2.mp4,NLC
14007-18290_record2_drive1_x2.mp4,NLC
14032-18191_record2_drive1_x2.mp4,NLC
14062-18230_record2_drive1_x2.mp4,NLC
14062-18250_record2_drive1_x2.mp4,NLC
14062-18290_record2_drive1_x2.mp4,NLC
14062-18330_record2_drive1_x2.mp4,NLC
14062-18370_record2_drive1_x2.mp4,NLC
14085-18279_record2_drive1_x2.mp4,NLC
14085-18299_record2_drive1_x2.mp4,NLC
14085-18339_record2_drive1_x2.mp4,NLC
14085-18379_record2_drive1_x2.mp4,NLC
14085-18419_record2_drive1_x2.mp4,NLC
1409-1319_record4_drive3_x2.mp4,NLC
1409-1339_record4_drive3_x2.mp4,NLC
1409-1379_record4_drive3_x2.mp4,NLC
14105-18318_record2_drive1_x2.mp4,NLC
14108-18325_record2_drive1_x2.mp4,NLC
14108-18345_record2_drive1_x2.mp4,NLC
14108-18385_record2_drive1_x2.mp4,NLC
14108-18425_record2_drive1_x2.mp4,NLC
1412-1328_record4_drive3_x2.mp4,NLC
1412-1348_record4_drive3_x2.mp4,NLC
14184-18473_record2_drive1_x2.mp4,NLC
14190-18494_record2_drive1_x2.mp4,NLC
14191-18495_record2_drive1_x2.mp4,NLC
14191-18515_record2_drive1_x2.mp4,NLC
14191-18555_record2_drive1_x2.mp4,NLC
14191-18595_record2_drive1_x2.mp4,NLC
14212-18548_record2_drive1_x2.mp4,NLC
14238-18593_record2_drive1_x2.mp4,NLC
14238-18613_record2_drive1_x2.mp4,NLC
14241-18610_record2_drive1_x2.mp4,NLC
14241-18630_record2_drive1_x2.mp4,NLC
14241-18670_record2_drive1_x2.mp4,NLC
14256-18665_record2_drive1_x2.mp4,NLC
14256-18685_record2_drive1_x2.mp4,NLC
14256-18725_record2_drive1_x2.mp4,NLC
14277-18689_record2_drive1_x2.mp4,NLC
14277-18709_record2_drive1_x2.mp4,NLC
14277-18749_record2_drive1_x2.mp4,NLC
14277-18789_record2_drive1_x2.mp4,NLC
14277-18829_record2_drive1_x2.mp4,NLC
14296-18721_record2_drive1_x2.mp4,NLC
14309-18771_record2_drive1_x2.mp4,NLC
14309-18791_record2_drive1_x2.mp4,NLC
14309-18831_record2_drive1_x2.mp4,NLC
14313-18813_record2_drive1_x2.mp4,NLC
14313-18833_record2_drive1_x2.mp4,NLC
14313-18873_record2_drive1_x2.mp4,NLC
14322-18832_record2_drive1_x2.mp4,NLC
14322-18852_record2_drive1_x2.mp4,NLC
14322-18892_record2_drive1_x2.mp4,NLC
14336-18871_record2_drive1_x2.mp4,NLC
14336-18891_record2_drive1_x2.mp4,NLC
14336-18931_record2_drive1_x2.mp4,NLC
14336-18971_record2_drive1_x2.mp4,NLC
14340-18884_record2_drive1_x2.mp4,NLC
14340-18904_record2_drive1_x2.mp4,NLC
14359-18941_record2_drive1_x2.mp4,NLC
1438-1365_record4_drive3_x2.mp4,NLC
1438-1385_record4_drive3_x2.mp4,NLC
1438-1425_record4_drive3_x2.mp4,NLC
14382-18969_record2_drive1_x2.mp4,NLC
14399-18985_record2_drive1_x2.mp4,NLC
14399-19005_record2_drive1_x2.mp4,NLC
14399-19045_record2_drive1_x2.mp4,NLC
14399-19085_record2_drive1_x2.mp4,NLC
14399-19125_record2_drive1_x2.mp4,NLC
14415-19016_record2_drive1_x2.mp4,NLC
14442-19070_record2_drive1_x2.mp4,NLC
14445-19089_record2_drive1_x2.mp4,NLC
14450-19104_record2_drive1_x2.mp4,NLC
14450-19124_record2_drive1_x2.mp4,NLC
14450-19164_record2_drive1_x2.mp4,NLC
14539-19207_record2_drive1_x2.mp4,NLC
14539-19227_record2_drive1_x2.mp4,NLC
14556-19237_record2_drive1_x2.mp4,NLC
14556-19297_record2_drive1_x2.mp4,NLC
14556-19337_record2_drive1_x2.mp4,NLC
14581-19299_record2_drive1_x2.mp4,NLC
14581-19319_record2_drive1_x2.mp4,NLC
14589-19310_record2_drive1_x2.mp4,NLC
14589-19330_record2_drive1_x2.mp4,NLC
14589-19370_record2_drive1_x2.mp4,NLC
14589-19410_record2_drive1_x2.mp4,NLC
14630-19396_record2_drive1_x2.mp4,NLC
14630-19416_record2_drive1_x2.mp4,NLC
14630-19456_record2_drive1_x2.mp4,NLC
14630-19496_record2_drive1_x2.mp4,NLC
14660-19448_record2_drive1_x2.mp4,NLC
14670-19465_record2_drive1_x2.mp4,NLC
14670-19485_record2_drive1_x2.mp4,NLC
14726-19584_record2_drive1_x2.mp4,NLC
1475-1394_record4_drive3_x2.mp4,NLC
14779-19678_record2_drive1_x2.mp4,NLC
14784-19719_record2_drive1_x2.mp4,NLC
14786-19759_record2_drive1_x2.mp4,NLC
14786-19779_record2_drive1_x2.mp4,NLC
14812-19814_record2_drive1_x2.mp4,NLC
14812-19834_record2_drive1_x2.mp4,NLC
14816-19825_record2_drive1_x2.mp4,NLC
14832-19857_record2_drive1_x2.mp4,NLC
14859-19925_record2_drive1_x2.mp4,NLC
14859-19945_record2_drive1_x2.mp4,NLC
14859-19985_record2_drive1_x2.mp4,NLC
14859-20025_record2_drive1_x2.mp4,NLC
14859-20065_record2_drive1_x2.mp4,NLC
14861-19942_record2_drive1_x2.mp4,NLC
14861-19962_record2_drive1_x2.mp4,NLC
14861-20002_record2_drive1_x2.mp4,NLC
14861-20042_record2_drive1_x2.mp4,NLC
14861-20082_record2_drive1_x2.mp4,NLC
14889-20149_record2_drive1_x2.mp4,NLC
14889-20169_record2_drive1_x2.mp4,NLC
14892-20172_record2_drive1_x2.mp4,NLC
14892-20192_record2_drive1_x2.mp4,NLC
14909-20284_record2_drive1_x2.mp4,NLC
14923-20329_record2_drive1_x2.mp4,NLC
14927-20347_record2_drive1_x2.mp4,NLC
14927-20367_record2_drive1_x2.mp4,NLC
14998-20466_record2_drive1_x2.mp4,NLC
15-150_record5_drive3_x2.mp4,NLC
15-170_record5_drive3_x2.mp4,NLC
15-280_record5_drive3_x2.mp4,NLC
15-300_record5_drive3_x2.mp4,NLC
15-340_record5_drive3_x2.mp4,NLC
15010-20481_record2_drive1_x2.mp4,NLC
15010-20501_record2_drive1_x2.mp4,NLC
15013-20486_record2_drive1_x2.mp4,NLC
15013-20506_record2_drive1_x2.mp4,NLC
15051-20586_record2_drive1_x2.mp4,NLC
15065-20600_record2_drive1_x2.mp4,NLC
15070-20606_record2_drive1_x2.mp4,NLC
15073-20628_record2_drive1_x2.mp4,NLC
1510-1418_record4_drive3_x2.mp4,NLC
1510-1438_record4_drive3_x2.mp4,NLC
1510-1478_record4_drive3_x2.mp4,NLC
1510-1582_record4_drive3_x2.mp4,NLC
1518-1407_record5_drive3_x2.mp4,NLC
1518-1427_record5_drive3_x2.mp4,NLC
1518-1467_record5_drive3_x2.mp4,NLC
1527-1412_record5_drive3_x2.mp4,NLC
1527-1433_record5_drive3_x2.mp4,NLC
1527-1473_record5_drive3_x2.mp4,NLC
155-94_record5_drive3_x2.mp4,NLC
1565-1464_record4_drive3_x2.mp4,NLC
1565-1484_record4_drive3_x2.mp4,NLC
1565-1524_record4_drive3_x2.mp4,NLC
1595-1490_record4_drive3_x2.mp4,NLC
16-146_record5_drive3_x2.mp4,NLC
16-166_record5_drive3_x2.mp4,NLC
1643-1475_record5_drive3_x2.mp4,NLC
1679-1543_record4_drive3_x2.mp4,NLC
1698-1559_record4_drive3_x2.mp4,NLC
1704-1562_record4_drive3_x2.mp4,NLC
1707-1564_record4_drive3_x2.mp4,NLC
1732-1588_record4_drive3_x2.mp4,NLC
1735-1590_record4_drive3_x2.mp4,NLC
1735-1610_record4_drive3_x2.mp4,NLC
1735-1650_record4_drive3_x2.mp4,NLC
1735-1690_record4_drive3_x2.mp4,NLC
1735-1730_record4_drive3_x2.mp4,NLC
1736-1592_record4_drive3_x2.mp4,NLC
1759-1565_record5_drive3_x2.mp4,NLC
1759-1585_record5_drive3_x2.mp4,NLC
1759-1625_record5_drive3_x2.mp4,NLC
187-174_record4_drive3_x2.mp4,NLC
187-194_record4_drive3_x2.mp4,NLC
187-234_record4_drive3_x2.mp4,NLC
187-274_record4_drive3_x2.mp4,NLC
187-314_record4_drive3_x2.mp4,NLC
1902-1732_record4_drive3_x2.mp4,NLC
1911-1735_record4_drive3_x2.mp4,NLC
1912-1659_record5_drive3_x2.mp4,NLC
1918-1739_record4_drive3_x2.mp4,NLC
1918-1759_record4_drive3_x2.mp4,NLC
1918-1799_record4_drive3_x2.mp4,NLC
1918-1839_record4_drive3_x2.mp4,NLC
1947-1755_record4_drive3_x2.mp4,NLC
1947-1775_record4_drive3_x2.mp4,NLC
1947-1815_record4_drive3_x2.mp4,NLC
1947-1855_record4_drive3_x2.mp4,NLC
195-187_record4_drive3_x2.mp4,NLC
1960-1698_record5_drive3_x2.mp4,NLC
1971-1713_record5_drive3_x2.mp4,NLC
1980-1718_record5_drive3_x2.mp4,NLC
1980-1738_record5_drive3_x2.mp4,NLC
1980-1778_record5_drive3_x2.mp4,NLC
1980-1818_record5_drive3_x2.mp4,NLC
1980-1858_record5_drive3_x2.mp4,NLC
1982-1775_record4_drive3_x2.mp4,NLC
1982-1795_record4_drive3_x2.mp4,NLC
1982-1835_record4_drive3_x2.mp4,NLC
199-196_record4_drive3_x2.mp4,NLC
199-216_record4_drive3_x2.mp4,NLC
199-256_record4_drive3_x2.mp4,NLC
199-296_record4_drive3_x2.mp4,NLC
199-336_record4_drive3_x2.mp4,NLC
201-121_record5_drive3_x2.mp4,NLC
201-141_record5_drive3_x2.mp4,NLC
2021-1406_record2_drive1_x2.mp4,NLC
2021-1446_record2_drive1_x2.mp4,NLC
2021-1486_record2_drive1_x2.mp4,NLC
2042-1805_record4_drive3_x2.mp4,NLC
2042-1825_record4_drive3_x2.mp4,NLC
2042-1953_record4_drive3_x2.mp4,NLC
2060-1441_record2_drive1_x2.mp4,NLC
2069-1477_record2_drive1_x2.mp4,NLC
2069-1826_record4_drive3_x2.mp4,NLC
2092-1837_record5_drive3_x2.mp4,NLC
2092-1857_record5_drive3_x2.mp4,NLC
2092-1897_record5_drive3_x2.mp4,NLC
2117-1931_record4_drive3_x2.mp4,NLC
2137-1860_record5_drive3_x2.mp4,NLC
2137-1880_record5_drive3_x2.mp4,NLC
2137-1920_record5_drive3_x2.mp4,NLC
2137-1960_record5_drive3_x2.mp4,NLC
2169-1921_record4_drive3_x2.mp4,NLC
2181-2029_record4_drive3_x2.mp4,NLC
2181-2049_record4_drive3_x2.mp4,NLC
2182-1934_record4_drive3_x2.mp4,NLC
2208-1982_record4_drive3_x2.mp4,NLC
2208-2002_record4_drive3_x2.mp4,NLC
2208-2042_record4_drive3_x2.mp4,NLC
2208-2082_record4_drive3_x2.mp4,NLC
2210-1985_record4_drive3_x2.mp4,NLC
2210-2005_record4_drive3_x2.mp4,NLC
2210-2045_record4_drive3_x2.mp4,NLC
2210-2085_record4_drive3_x2.mp4,NLC
2212-1988_record4_drive3_x2.mp4,NLC
2212-2008_record4_drive3_x2.mp4,NLC
2212-2048_record4_drive3_x2.mp4,NLC
2213-2056_record5_drive3_x2.mp4,NLC
2213-2076_record5_drive3_x2.mp4,NLC
2213-2116_record5_drive3_x2.mp4,NLC
2213-2156_record5_drive3_x2.mp4,NLC
2213-2196_record5_drive3_x2.mp4,NLC
2214-1992_record4_drive3_x2.mp4,NLC
2214-2012_record4_drive3_x2.mp4,NLC
2214-2052_record4_drive3_x2.mp4,NLC
2214-2135_record4_drive3_x2.mp4,NLC
2214-2155_record4_drive3_x2.mp4,NLC
2229-2014_record4_drive3_x2.mp4,NLC
2229-2034_record4_drive3_x2.mp4,NLC
2245-2041_record4_drive3_x2.mp4,NLC
2249-2052_record4_drive3_x2.mp4,NLC
2249-2072_record4_drive3_x2.mp4,NLC
2251-2057_record4_drive3_x2.mp4,NLC
2251-2077_record4_drive3_x2.mp4,NLC
2251-2117_record4_drive3_x2.mp4,NLC
2281-2106_record4_drive3_x2.mp4,NLC
2281-2126_record4_drive3_x2.mp4,NLC
2281-2166_record4_drive3_x2.mp4,NLC
2281-2206_record4_drive3_x2.mp4,NLC
2281-2246_record4_drive3_x2.mp4,NLC
2286-2110_record4_drive3_x2.mp4,NLC
2286-2130_record4_drive3_x2.mp4,NLC
2286-2170_record4_drive3_x2.mp4,NLC
2286-2210_record4_drive3_x2.mp4,NLC
2286-2270_record4_drive3_x2.mp4,NLC
2299-1988_record5_drive3_x2.mp4,NLC
23-2_record4_drive3_x2.mp4,NLC
2326-2144_record4_drive3_x2.mp4,NLC
2331-2145_record4_drive3_x2.mp4,NLC
2331-2165_record4_drive3_x2.mp4,NLC
2334-2014_record5_drive3_x2.mp4,NLC
2334-2034_record5_drive3_x2.mp4,NLC
2334-2074_record5_drive3_x2.mp4,NLC
2351-2155_record4_drive3_x2.mp4,NLC
2351-2175_record4_drive3_x2.mp4,NLC
2351-2215_record4_drive3_x2.mp4,NLC
2351-2255_record4_drive3_x2.mp4,NLC
238-157_record5_drive3_x2.mp4,NLC
238-177_record5_drive3_x2.mp4,NLC
238-217_record5_drive3_x2.mp4,NLC
2381-2059_record5_drive3_x2.mp4,NLC
2381-2079_record5_drive3_x2.mp4,NLC
2381-2119_record5_drive3_x2.mp4,NLC
2381-2159_record5_drive3_x2.mp4,NLC
2381-2199_record5_drive3_x2.mp4,NLC
2383-2168_record4_drive3_x2.mp4,NLC
2397-2174_record4_drive3_x2.mp4,NLC
2397-2194_record4_drive3_x2.mp4,NLC
2397-2234_record4_drive3_x2.mp4,NLC
2397-2274_record4_drive3_x2.mp4,NLC
2397-2314_record4_drive3_x2.mp4,NLC
2410-2091_record5_drive3_x2.mp4,NLC
244-260_record4_drive3_x2.mp4,NLC
244-280_record4_drive3_x2.mp4,NLC
244-320_record4_drive3_x2.mp4,NLC
244-360_record4_drive3_x2.mp4,NLC
244-400_record4_drive3_x2.mp4,NLC
2440-2131_record5_drive3_x2.mp4,NLC
2481-2180_record5_drive3_x2.mp4,NLC
2481-2200_record5_drive3_x2.mp4,NLC
2482-2180_record5_drive3_x2.mp4,NLC
2492-2215_record4_drive3_x2.mp4,NLC
2492-2235_record4_drive3_x2.mp4,NLC
2492-2275_record4_drive3_x2.mp4,NLC
2492-2315_record4_drive3_x2.mp4,NLC
2492-2355_record4_drive3_x2.mp4,NLC
2494-2243_record5_drive3_x2.mp4,NLC
2494-2263_record5_drive3_x2.mp4,NLC
2497-2079_record2_drive1_x2.mp4,NLC
2497-2099_record2_drive1_x2.mp4,NLC
2502-2200_record5_drive3_x2.mp4,NLC
2502-2220_record5_drive3_x2.mp4,NLC
2502-2260_record5_drive3_x2.mp4,NLC
2502-2300_record5_drive3_x2.mp4,NLC
2502-2340_record5_drive3_x2.mp4,NLC
2511-2138_record2_drive1_x2.mp4,NLC
2520-2147_record2_drive1_x2.mp4,NLC
2520-2167_record2_drive1_x2.mp4,NLC
2529-2230_record4_drive3_x2.mp4,NLC
2529-2250_record4_drive3_x2.mp4,NLC
2529-2290_record4_drive3_x2.mp4,NLC
2529-2330_record4_drive3_x2.mp4,NLC
2534-2232_record5_drive3_x2.mp4,NLC
2551-2241_record5_drive3_x2.mp4,NLC
2551-2261_record5_drive3_x2.mp4,NLC
2551-2301_record5_drive3_x2.mp4,NLC
2551-2341_record5_drive3_x2.mp4,NLC
2551-2381_record5_drive3_x2.mp4,NLC
2581-2335_record4_drive3_x2.mp4,NLC
2581-2355_record4_drive3_x2.mp4,NLC
2581-2395_record4_drive3_x2.mp4,NLC
2581-2435_record4_drive3_x2.mp4,NLC
259-178_record5_drive3_x2.mp4,NLC
2640-2323_record5_drive3_x2.mp4,NLC
2640-2343_record5_drive3_x2.mp4,NLC
2643-2300_record4_drive3_x2.mp4,NLC
2643-2320_record4_drive3_x2.mp4,NLC
2643-2428_record4_drive3_x2.mp4,NLC
2665-2311_record4_drive3_x2.mp4,NLC
2686-2317_record4_drive3_x2.mp4,NLC
2686-2337_record4_drive3_x2.mp4,NLC
2690-2251_record2_drive1_x2.mp4,NLC
2690-2271_record2_drive1_x2.mp4,NLC
2690-2311_record2_drive1_x2.mp4,NLC
2690-2351_record2_drive1_x2.mp4,NLC
2690-2391_record2_drive1_x2.mp4,NLC
2696-2322_record4_drive3_x2.mp4,NLC
2697-2268_record2_drive1_x2.mp4,NLC
2703-2378_record5_drive3_x2.mp4,NLC
2703-2398_record5_drive3_x2.mp4,NLC
2711-2404_record5_drive3_x2.mp4,NLC
2743-2418_record5_drive3_x2.mp4,NLC
2743-2458_record5_drive3_x2.mp4,NLC
2754-2408_record5_drive3_x2.mp4,NLC
2768-2422_record5_drive3_x2.mp4,NLC
2768-2442_record5_drive3_x2.mp4,NLC
2768-2482_record5_drive3_x2.mp4,NLC
2779-2411_record4_drive3_x2.mp4,NLC
2779-2431_record4_drive3_x2.mp4,NLC
2779-2520_record4_drive3_x2.mp4,NLC
2779-2540_record4_drive3_x2.mp4,NLC
2779-2580_record4_drive3_x2.mp4,NLC
2782-2465_record5_drive3_x2.mp4,NLC
2782-2485_record5_drive3_x2.mp4,NLC
2800-2578_record2_drive1_x2.mp4,NLC
2800-2598_record2_drive1_x2.mp4,NLC
2803-2599_record2_drive1_x2.mp4,NLC
2803-2639_record2_drive1_x2.mp4,NLC
2803-2679_record2_drive1_x2.mp4,NLC
2810-2516_record5_drive3_x2.mp4,NLC
2810-2536_record5_drive3_x2.mp4,NLC
2810-2624_record5_drive3_x2.mp4,NLC
2815-2480_record4_drive3_x2.mp4,NLC
283-298_record4_drive3_x2.mp4,NLC
283-318_record4_drive3_x2.mp4,NLC
283-358_record4_drive3_x2.mp4,NLC
283-398_record4_drive3_x2.mp4,NLC
283-438_record4_drive3_x2.mp4,NLC
2834-2621_record2_drive1_x2.mp4,NLC
2834-2641_record2_drive1_x2.mp4,NLC
2834-2681_record2_drive1_x2.mp4,NLC
2838-2623_record2_drive1_x2.mp4,NLC
2848-2632_record2_drive1_x2.mp4,NLC
2850-2533_record4_drive3_x2.mp4,NLC
2854-2584_record5_drive3_x2.mp4,NLC
2854-2604_record5_drive3_x2.mp4,NLC
2854-2644_record5_drive3_x2.mp4,NLC
2854-2684_record5_drive3_x2.mp4,NLC
2854-2724_record5_drive3_x2.mp4,NLC
2859-2597_record5_drive3_x2.mp4,NLC
2859-2617_record5_drive3_x2.mp4,NLC
2859-2657_record5_drive3_x2.mp4,NLC
2859-2697_record5_drive3_x2.mp4,NLC
2859-2737_record5_drive3_x2.mp4,NLC
2864-2611_record5_drive3_x2.mp4,NLC
2869-2656_record2_drive1_x2.mp4,NLC
2876-2582_record4_drive3_x2.mp4,NLC
2876-2602_record4_drive3_x2.mp4,NLC
2876-2642_record4_drive3_x2.mp4,NLC
2876-2682_record4_drive3_x2.mp4,NLC
2876-2722_record4_drive3_x2.mp4,NLC
2888-2592_record4_drive3_x2.mp4,NLC
2888-2612_record4_drive3_x2.mp4,NLC
2888-2652_record4_drive3_x2.mp4,NLC
2888-2692_record4_drive3_x2.mp4,NLC
2889-2592_record4_drive3_x2.mp4,NLC
2889-2678_record2_drive1_x2.mp4,NLC
2889-2698_record2_drive1_x2.mp4,NLC
2889-2738_record2_drive1_x2.mp4,NLC
2889-2778_record2_drive1_x2.mp4,NLC
2889-2818_record2_drive1_x2.mp4,NLC
2892-2683_record2_drive1_x2.mp4,NLC
2894-2594_record4_drive3_x2.mp4,NLC
2894-2614_record4_drive3_x2.mp4,NLC
2894-2654_record4_drive3_x2.mp4,NLC
2909-2602_record4_drive3_x2.mp4,NLC
2909-2622_record4_drive3_x2.mp4,NLC
2910-2721_record2_drive1_x2.mp4,NLC
2914-2680_record5_drive3_x2.mp4,NLC
2914-2700_record5_drive3_x2.mp4,NLC
2914-2736_record2_drive1_x2.mp4,NLC
2914-2740_record5_drive3_x2.mp4,NLC
2914-2756_record2_drive1_x2.mp4,NLC
2914-2796_record2_drive1_x2.mp4,NLC
2925-2751_record2_drive1_x2.mp4,NLC
2925-2771_record2_drive1_x2.mp4,NLC
2925-2811_record2_drive1_x2.mp4,NLC
2943-2697_record5_drive3_x2.mp4,NLC
2944-2700_record5_drive3_x2.mp4,NLC
2949-2704_record5_drive3_x2.mp4,NLC
2949-2724_record5_drive3_x2.mp4,NLC
2958-2792_record2_drive1_x2.mp4,NLC
2966-2799_record2_drive1_x2.mp4,NLC
2966-2819_record2_drive1_x2.mp4,NLC
2966-2859_record2_drive1_x2.mp4,NLC
2966-2899_record2_drive1_x2.mp4,NLC
2970-2810_record2_drive1_x2.mp4,NLC
2971-2735_record5_drive3_x2.mp4,NLC
2975-2739_record5_drive3_x2.mp4,NLC
2975-2759_record5_drive3_x2.mp4,NLC
2990-2829_record2_drive1_x2.mp4,NLC
2995-2701_record4_drive3_x2.mp4,NLC
2995-2721_record4_drive3_x2.mp4,NLC
2995-2761_record4_drive3_x2.mp4,NLC
2995-2801_record4_drive3_x2.mp4,NLC
2995-2896_record4_drive3_x2.mp4,NLC
3008-2848_record2_drive1_x2.mp4,NLC
3009-2849_record2_drive1_x2.mp4,NLC
3009-2869_record2_drive1_x2.mp4,NLC
3018-2862_record2_drive1_x2.mp4,NLC
3018-2882_record2_drive1_x2.mp4,NLC
3033-2737_record4_drive3_x2.mp4,NLC
3033-2757_record4_drive3_x2.mp4,NLC
3033-2797_record4_drive3_x2.mp4,NLC
3038-2743_record4_drive3_x2.mp4,NLC
3038-2763_record4_drive3_x2.mp4,NLC
3038-2803_record4_drive3_x2.mp4,NLC
3038-2843_record4_drive3_x2.mp4,NLC
3038-2883_record4_drive3_x2.mp4,NLC
3041-2970_record2_drive1_x2.mp4,NLC
3056-2912_record2_drive1_x2.mp4,NLC
3056-2932_record2_drive1_x2.mp4,NLC
3056-2972_record2_drive1_x2.mp4,NLC
3056-3012_record2_drive1_x2.mp4,NLC
3056-3052_record2_drive1_x2.mp4,NLC
3063-2769_record4_drive3_x2.mp4,NLC
3063-2943_record2_drive1_x2.mp4,NLC
308-230_record5_drive3_x2.mp4,NLC
3089-2846_record5_drive3_x2.mp4,NLC
3103-2852_record5_drive3_x2.mp4,NLC
3103-2872_record5_drive3_x2.mp4,NLC
3103-2912_record5_drive3_x2.mp4,NLC
3103-2952_record5_drive3_x2.mp4,NLC
3103-2992_record5_drive3_x2.mp4,NLC
3104-2991_record2_drive1_x2.mp4,NLC
3116-2998_record2_drive1_x2.mp4,NLC
3129-2838_record4_drive3_x2.mp4,NLC
3139-2844_record4_drive3_x2.mp4,NLC
3139-2864_record4_drive3_x2.mp4,NLC
3143-3026_record2_drive1_x2.mp4,NLC
3143-3046_record2_drive1_x2.mp4,NLC
3143-3086_record2_drive1_x2.mp4,NLC
3149-2868_record4_drive3_x2.mp4,NLC
315-241_record5_drive3_x2.mp4,NLC
315-261_record5_drive3_x2.mp4,NLC
315-301_record5_drive3_x2.mp4,NLC
315-341_record5_drive3_x2.mp4,NLC
315-381_record5_drive3_x2.mp4,NLC
3154-2889_record5_drive3_x2.mp4,NLC
3154-2909_record5_drive3_x2.mp4,NLC
3154-2949_record5_drive3_x2.mp4,NLC
3154-2989_record5_drive3_x2.mp4,NLC
3154-3029_record5_drive3_x2.mp4,NLC
3183-2916_record4_drive3_x2.mp4,NLC
3183-2936_record4_drive3_x2.mp4,NLC
3187-2919_record4_drive3_x2.mp4,NLC
3189-2907_record5_drive3_x2.mp4,NLC
3189-2927_record5_drive3_x2.mp4,NLC
3202-3085_record2_drive1_x2.mp4,NLC
3202-3105_record2_drive1_x2.mp4,NLC
3202-3145_record2_drive1_x2.mp4,NLC
3202-3185_record2_drive1_x2.mp4,NLC
3202-3225_record2_drive1_x2.mp4,NLC
3209-2943_record4_drive3_x2.mp4,NLC
3214-2933_record5_drive3_x2.mp4,NLC
3214-2953_record5_drive3_x2.mp4,NLC
3236-2971_record4_drive3_x2.mp4,NLC
324-253_record5_drive3_x2.mp4,NLC
324-273_record5_drive3_x2.mp4,NLC
324-313_record5_drive3_x2.mp4,NLC
3269-3007_record4_drive3_x2.mp4,NLC
3284-3173_record2_drive1_x2.mp4,NLC
3284-3193_record2_drive1_x2.mp4,NLC
3288-3028_record5_drive3_x2.mp4,NLC
3299-3020_record4_drive3_x2.mp4,NLC
331-262_record5_drive3_x2.mp4,NLC
3314-3028_record4_drive3_x2.mp4,NLC
3330-3039_record4_drive3_x2.mp4,NLC
3330-3059_record4_drive3_x2.mp4,NLC
3330-3099_record4_drive3_x2.mp4,NLC
3330-3205_record2_drive1_x2.mp4,NLC
3330-3225_record2_drive1_x2.mp4,NLC
3330-3265_record2_drive1_x2.mp4,NLC
3330-3305_record2_drive1_x2.mp4,NLC
3338-3042_record4_drive3_x2.mp4,NLC
3338-3213_record2_drive1_x2.mp4,NLC
3338-3233_record2_drive1_x2.mp4,NLC
3338-3273_record2_drive1_x2.mp4,NLC
334-262_record5_drive3_x2.mp4,NLC
3343-3045_record4_drive3_x2.mp4,NLC
3343-3065_record4_drive3_x2.mp4,NLC
3343-3105_record4_drive3_x2.mp4,NLC
3343-3145_record4_drive3_x2.mp4,NLC
3351-3227_record2_drive1_x2.mp4,NLC
3351-3247_record2_drive1_x2.mp4,NLC
336-263_record5_drive3_x2.mp4,NLC
3367-3064_record4_drive3_x2.mp4,NLC
3367-3084_record4_drive3_x2.mp4,NLC
3367-3124_record4_drive3_x2.mp4,NLC
3371-3111_record5_drive3_x2.mp4,NLC
3371-3131_record5_drive3_x2.mp4,NLC
3384-3128_record5_drive3_x2.mp4,NLC
3384-3148_record5_drive3_x2.mp4,NLC
341-406_record4_drive3_x2.mp4,NLC
341-426_record4_drive3_x2.mp4,NLC
341-466_record4_drive3_x2.mp4,NLC
341-506_record4_drive3_x2.mp4,NLC
3419-3323_record2_drive1_x2.mp4,NLC
3431-3336_record2_drive1_x2.mp4,NLC
3431-3356_record2_drive1_x2.mp4,NLC
3431-3396_record2_drive1_x2.mp4,NLC
3431-3436_record2_drive1_x2.mp4,NLC
3435-3186_record5_drive3_x2.mp4,NLC
3435-3206_record5_drive3_x2.mp4,NLC
3441-3340_record2_drive1_x2.mp4,NLC
3441-3360_record2_drive1_x2.mp4,NLC
3441-3400_record2_drive1_x2.mp4,NLC
3444-3165_record4_drive3_x2.mp4,NLC
3444-3185_record4_drive3_x2.mp4,NLC
3444-3225_record4_drive3_x2.mp4,NLC
3444-3265_record4_drive3_x2.mp4,NLC
3444-3305_record4_drive3_x2.mp4,NLC
3447-3345_record2_drive1_x2.mp4,NLC
3447-3365_record2_drive1_x2.mp4,NLC
3453-3179_record4_drive3_x2.mp4,NLC
3453-3199_record4_drive3_x2.mp4,NLC
3453-3239_record4_drive3_x2.mp4,NLC
3471-3273_record5_drive3_x2.mp4,NLC
3471-3293_record5_drive3_x2.mp4,NLC
3471-3333_record5_drive3_x2.mp4,NLC
3471-3373_record5_drive3_x2.mp4,NLC
3471-3413_record5_drive3_x2.mp4,NLC
3513-3243_record4_drive3_x2.mp4,NLC
3513-3263_record4_drive3_x2.mp4,NLC
3513-3303_record4_drive3_x2.mp4,NLC
3513-3343_record4_drive3_x2.mp4,NLC
3513-3383_record4_drive3_x2.mp4,NLC
3536-3393_record5_drive3_x2.mp4,NLC
3536-3413_record5_drive3_x2.mp4,NLC
3536-3453_record5_drive3_x2.mp4,NLC
3536-3493_record5_drive3_x2.mp4,NLC
3567-3322_record4_drive3_x2.mp4,NLC
3567-3342_record4_drive3_x2.mp4,NLC
3567-3382_record4_drive3_x2.mp4,NLC
3567-3422_record4_drive3_x2.mp4,NLC
3567-3462_record4_drive3_x2.mp4,NLC
3583-3434_record2_drive1_x2.mp4,NLC
3583-3454_record2_drive1_x2.mp4,NLC
3592-3436_record5_drive3_x2.mp4,NLC
3592-3456_record5_drive3_x2.mp4,NLC
3630-3556_record5_drive3_x2.mp4,NLC
3648-3516_record5_drive3_x2.mp4,NLC
3648-3536_record5_drive3_x2.mp4,NLC
3648-3576_record5_drive3_x2.mp4,NLC
3648-3616_record5_drive3_x2.mp4,NLC
3648-3656_record5_drive3_x2.mp4,NLC
3674-3404_record4_drive3_x2.mp4,NLC
3678-3407_record4_drive3_x2.mp4,NLC
3678-3427_record4_drive3_x2.mp4,NLC
3678-3467_record4_drive3_x2.mp4,NLC
3678-3507_record4_drive3_x2.mp4,NLC
3678-3547_record4_drive3_x2.mp4,NLC
3698-3510_record5_drive3_x2.mp4,NLC
3698-3530_record5_drive3_x2.mp4,NLC
3698-3570_record5_drive3_x2.mp4,NLC
3710-3523_record5_drive3_x2.mp4,NLC
3725-3560_record2_drive1_x2.mp4,NLC
3728-3537_record5_drive3_x2.mp4,NLC
3732-3565_record2_drive1_x2.mp4,NLC
3732-3585_record2_drive1_x2.mp4,NLC
3732-3625_record2_drive1_x2.mp4,NLC
3737-3547_record5_drive3_x2.mp4,NLC
3738-3567_record2_drive1_x2.mp4,NLC
3738-3587_record2_drive1_x2.mp4,NLC
3738-3627_record2_drive1_x2.mp4,NLC
3741-3550_record5_drive3_x2.mp4,NLC
3741-3570_record5_drive3_x2.mp4,NLC
3746-3559_record5_drive3_x2.mp4,NLC
3774-3468_record4_drive3_x2.mp4,NLC
3784-3600_record5_drive3_x2.mp4,NLC
3789-3604_record5_drive3_x2.mp4,NLC
3793-3615_record2_drive1_x2.mp4,NLC
3793-3635_record2_drive1_x2.mp4,NLC
3793-3675_record2_drive1_x2.mp4,NLC
3800-3620_record5_drive3_x2.mp4,NLC
3807-3624_record5_drive3_x2.mp4,NLC
3807-3644_record5_drive3_x2.mp4,NLC
3807-3684_record5_drive3_x2.mp4,NLC
3807-3724_record5_drive3_x2.mp4,NLC
3807-3764_record5_drive3_x2.mp4,NLC
3811-3492_record4_drive3_x2.mp4,NLC
3811-3512_record4_drive3_x2.mp4,NLC
3811-3552_record4_drive3_x2.mp4,NLC
3811-3592_record4_drive3_x2.mp4,NLC
3811-3632_record4_drive3_x2.mp4,NLC
3828-3642_record5_drive3_x2.mp4,NLC
3833-3647_record5_drive3_x2.mp4,NLC
3833-3667_record5_drive3_x2.mp4,NLC
3833-3707_record5_drive3_x2.mp4,NLC
3833-3747_record5_drive3_x2.mp4,NLC
3841-3518_record4_drive3_x2.mp4,NLC
3841-3538_record4_drive3_x2.mp4,NLC
3845-3661_record2_drive1_x2.mp4,NLC
3861-3677_record2_drive1_x2.mp4,NLC
3861-3697_record2_drive1_x2.mp4,NLC
3861-3737_record2_drive1_x2.mp4,NLC
3861-3777_record2_drive1_x2.mp4,NLC
3866-3678_record2_drive1_x2.mp4,NLC
3892-3702_record2_drive1_x2.mp4,NLC
3892-3722_record2_drive1_x2.mp4,NLC
3892-3762_record2_drive1_x2.mp4,NLC
3892-3802_record2_drive1_x2.mp4,NLC
3895-3688_record5_drive3_x2.mp4,NLC
3904-3578_record4_drive3_x2.mp4,NLC
3904-3598_record4_drive3_x2.mp4,NLC
3904-3638_record4_drive3_x2.mp4,NLC
3904-3678_record4_drive3_x2.mp4,NLC
391-295_record5_drive3_x2.mp4,NLC
391-315_record5_drive3_x2.mp4,NLC
391-355_record5_drive3_x2.mp4,NLC
391-395_record5_drive3_x2.mp4,NLC
3922-3715_record5_drive3_x2.mp4,NLC
3924-3598_record4_drive3_x2.mp4,NLC
3924-3618_record4_drive3_x2.mp4,NLC
3924-3658_record4_drive3_x2.mp4,NLC
3924-3698_record4_drive3_x2.mp4,NLC
3924-3738_record4_drive3_x2.mp4,NLC
3953-3637_record4_drive3_x2.mp4,NLC
3953-3657_record4_drive3_x2.mp4,NLC
3953-3697_record4_drive3_x2.mp4,NLC
3953-3737_record4_drive3_x2.mp4,NLC
396-474_record4_drive3_x2.mp4,NLC
396-494_record4_drive3_x2.mp4,NLC
396-534_record4_drive3_x2.mp4,NLC
3976-3819_record2_drive1_x2.mp4,NLC
3976-3839_record2_drive1_x2.mp4,NLC
3976-3879_record2_drive1_x2.mp4,NLC
3976-3919_record2_drive1_x2.mp4,NLC
3985-3674_record4_drive3_x2.mp4,NLC
399-298_record5_drive3_x2.mp4,NLC
399-318_record5_drive3_x2.mp4,NLC
399-358_record5_drive3_x2.mp4,NLC
399-398_record5_drive3_x2.mp4,NLC
4026-3844_record5_drive3_x2.mp4,NLC
4026-3864_record5_drive3_x2.mp4,NLC
4026-3904_record5_drive3_x2.mp4,NLC
4026-3944_record5_drive3_x2.mp4,NLC
4026-3984_record5_drive3_x2.mp4,NLC
4056-3879_record2_drive1_x2.mp4,NLC
4056-3899_record2_drive1_x2.mp4,NLC
4056-3939_record2_drive1_x2.mp4,NLC
4056-3979_record2_drive1_x2.mp4,NLC
4056-4019_record2_drive1_x2.mp4,NLC
4071-3886_record2_drive1_x2.mp4,NLC
4071-3906_record2_drive1_x2.mp4,NLC
4086-3921_record5_drive3_x2.mp4,NLC
4086-3941_record5_drive3_x2.mp4,NLC
409-306_record5_drive3_x2.mp4,NLC
409-326_record5_drive3_x2.mp4,NLC
409-366_record5_drive3_x2.mp4,NLC
409-406_record5_drive3_x2.mp4,NLC
409-446_record5_drive3_x2.mp4,NLC
4098-3813_record4_drive3_x2.mp4,NLC
4143-3839_record4_drive3_x2.mp4,NLC
4146-3842_record4_drive3_x2.mp4,NLC
4150-3845_record4_drive3_x2.mp4,NLC
4155-3999_record2_drive1_x2.mp4,NLC
4159-3852_record4_drive3_x2.mp4,NLC
418-323_record5_drive3_x2.mp4,NLC
4197-3887_record4_drive3_x2.mp4,NLC
4197-3907_record4_drive3_x2.mp4,NLC
4197-3947_record4_drive3_x2.mp4,NLC
4197-3987_record4_drive3_x2.mp4,NLC
4197-4027_record4_drive3_x2.mp4,NLC
4210-4048_record2_drive1_x2.mp4,NLC
4234-4060_record2_drive1_x2.mp4,NLC
4234-4078_record5_drive3_x2.mp4,NLC
4234-4098_record5_drive3_x2.mp4,NLC
4234-4138_record5_drive3_x2.mp4,NLC
4234-4178_record5_drive3_x2.mp4,NLC
4234-4218_record5_drive3_x2.mp4,NLC
424-503_record4_drive3_x2.mp4,NLC
424-523_record4_drive3_x2.mp4,NLC
424-563_record4_drive3_x2.mp4,NLC
424-603_record4_drive3_x2.mp4,NLC
424-643_record4_drive3_x2.mp4,NLC
4250-4070_record2_drive1_x2.mp4,NLC
4250-4090_record2_drive1_x2.mp4,NLC
4250-4130_record2_drive1_x2.mp4,NLC
4251-4071_record2_drive1_x2.mp4,NLC
4251-4091_record2_drive1_x2.mp4,NLC
4261-3928_record4_drive3_x2.mp4,NLC
4261-3948_record4_drive3_x2.mp4,NLC
4324-4119_record2_drive1_x2.mp4,NLC
4324-4139_record2_drive1_x2.mp4,NLC
4324-4179_record2_drive1_x2.mp4,NLC
4324-4219_record2_drive1_x2.mp4,NLC
4338-4274_record5_drive3_x2.mp4,NLC
4340-4037_record4_drive3_x2.mp4,NLC
4340-4057_record4_drive3_x2.mp4,NLC
4354-4263_record5_drive3_x2.mp4,NLC
4354-4283_record5_drive3_x2.mp4,NLC
4354-4323_record5_drive3_x2.mp4,NLC
4354-4363_record5_drive3_x2.mp4,NLC
4354-4403_record5_drive3_x2.mp4,NLC
4375-4273_record5_drive3_x2.mp4,NLC
4375-4293_record5_drive3_x2.mp4,NLC
4375-4333_record5_drive3_x2.mp4,NLC
4375-4373_record5_drive3_x2.mp4,NLC
4375-4413_record5_drive3_x2.mp4,NLC
4378-4133_record4_drive3_x2.mp4,NLC
4378-4153_record4_drive3_x2.mp4,NLC
4378-4193_record4_drive3_x2.mp4,NLC
4378-4233_record4_drive3_x2.mp4,NLC
4378-4273_record4_drive3_x2.mp4,NLC
4387-4150_record4_drive3_x2.mp4,NLC
4387-4170_record4_drive3_x2.mp4,NLC
4387-4210_record4_drive3_x2.mp4,NLC
4387-4250_record4_drive3_x2.mp4,NLC
4388-4281_record5_drive3_x2.mp4,NLC
4388-4301_record5_drive3_x2.mp4,NLC
4404-4293_record5_drive3_x2.mp4,NLC
4440-4181_record4_drive3_x2.mp4,NLC
4448-4187_record4_drive3_x2.mp4,NLC
4448-4207_record4_drive3_x2.mp4,NLC
4449-4187_record4_drive3_x2.mp4,NLC
4459-4193_record4_drive3_x2.mp4,NLC
4459-4213_record4_drive3_x2.mp4,NLC
4459-4253_record4_drive3_x2.mp4,NLC
4459-4293_record4_drive3_x2.mp4,NLC
4463-4196_record4_drive3_x2.mp4,NLC
4463-4216_record4_drive3_x2.mp4,NLC
4463-4256_record4_drive3_x2.mp4,NLC
4485-4223_record4_drive3_x2.mp4,NLC
45-119_record4_drive3_x2.mp4,NLC
45-159_record4_drive3_x2.mp4,NLC
45-19_record4_drive3_x2.mp4,NLC
45-39_record4_drive3_x2.mp4,NLC
45-79_record4_drive3_x2.mp4,NLC
4507-4241_record4_drive3_x2.mp4,NLC
4509-4297_record2_drive1_x2.mp4,NLC
4509-4317_record2_drive1_x2.mp4,NLC
4509-4357_record2_drive1_x2.mp4,NLC
4509-4397_record2_drive1_x2.mp4,NLC
4509-4437_record2_drive1_x2.mp4,NLC
4526-4314_record2_drive1_x2.mp4,NLC
4547-4278_record4_drive3_x2.mp4,NLC
4547-4298_record4_drive3_x2.mp4,NLC
4547-4338_record4_drive3_x2.mp4,NLC
4563-4293_record4_drive3_x2.mp4,NLC
4563-4313_record4_drive3_x2.mp4,NLC
4574-4350_record2_drive1_x2.mp4,NLC
4589-4325_record4_drive3_x2.mp4,NLC
4603-4344_record4_drive3_x2.mp4,NLC
4603-4364_record4_drive3_x2.mp4,NLC
4603-4404_record4_drive3_x2.mp4,NLC
4603-4444_record4_drive3_x2.mp4,NLC
4603-4484_record4_drive3_x2.mp4,NLC
4605-4346_record4_drive3_x2.mp4,NLC
4605-4366_record4_drive3_x2.mp4,NLC
4605-4406_record4_drive3_x2.mp4,NLC
4612-4352_record4_drive3_x2.mp4,NLC
4612-4372_record4_drive3_x2.mp4,NLC
4612-4412_record4_drive3_x2.mp4,NLC
4612-4452_record4_drive3_x2.mp4,NLC
4612-4492_record4_drive3_x2.mp4,NLC
462-380_record5_drive3_x2.mp4,NLC
462-400_record5_drive3_x2.mp4,NLC
462-440_record5_drive3_x2.mp4,NLC
4623-4387_record2_drive1_x2.mp4,NLC
4625-4364_record4_drive3_x2.mp4,NLC
4625-4384_record4_drive3_x2.mp4,NLC
4625-4424_record4_drive3_x2.mp4,NLC
4625-4464_record4_drive3_x2.mp4,NLC
4625-4504_record4_drive3_x2.mp4,NLC
4637-4373_record4_drive3_x2.mp4,NLC
4637-4393_record4_drive3_x2.mp4,NLC
4641-4378_record4_drive3_x2.mp4,NLC
4641-4398_record4_drive3_x2.mp4,NLC
4650-4465_record4_drive3_x2.mp4,NLC
4651-4469_record4_drive3_x2.mp4,NLC
4651-4489_record4_drive3_x2.mp4,NLC
4653-4479_record4_drive3_x2.mp4,NLC
4656-4491_record4_drive3_x2.mp4,NLC
4664-4571_record4_drive3_x2.mp4,NLC
4667-4557_record4_drive3_x2.mp4,NLC
4671-4567_record4_drive3_x2.mp4,NLC
4671-4587_record4_drive3_x2.mp4,NLC
4675-4581_record4_drive3_x2.mp4,NLC
4675-4601_record4_drive3_x2.mp4,NLC
4676-4431_record2_drive1_x2.mp4,NLC
4676-4682_record4_drive3_x2.mp4,NLC
4678-4601_record4_drive3_x2.mp4,NLC
4678-4621_record4_drive3_x2.mp4,NLC
4678-4661_record4_drive3_x2.mp4,NLC
468-388_record5_drive3_x2.mp4,NLC
468-408_record5_drive3_x2.mp4,NLC
468-448_record5_drive3_x2.mp4,NLC
468-488_record5_drive3_x2.mp4,NLC
468-528_record5_drive3_x2.mp4,NLC
4680-4606_record4_drive3_x2.mp4,NLC
4686-4645_record4_drive3_x2.mp4,NLC
4686-4665_record4_drive3_x2.mp4,NLC
4687-4649_record4_drive3_x2.mp4,NLC
4687-4669_record4_drive3_x2.mp4,NLC
4689-4655_record4_drive3_x2.mp4,NLC
4689-4675_record4_drive3_x2.mp4,NLC
4720-4464_record2_drive1_x2.mp4,NLC
4725-4468_record2_drive1_x2.mp4,NLC
4725-4488_record2_drive1_x2.mp4,NLC
4733-4483_record2_drive1_x2.mp4,NLC
4737-4486_record2_drive1_x2.mp4,NLC
4737-4506_record2_drive1_x2.mp4,NLC
4750-4514_record2_drive1_x2.mp4,NLC
4783-4541_record2_drive1_x2.mp4,NLC
4783-4561_record2_drive1_x2.mp4,NLC
4783-4601_record2_drive1_x2.mp4,NLC
4783-4641_record2_drive1_x2.mp4,NLC
4799-4556_record2_drive1_x2.mp4,NLC
4799-4576_record2_drive1_x2.mp4,NLC
4799-4681_record2_drive1_x2.mp4,NLC
4799-4701_record2_drive1_x2.mp4,NLC
4844-4613_record2_drive1_x2.mp4,NLC
486-578_record4_drive3_x2.mp4,NLC
489-412_record5_drive3_x2.mp4,NLC
4890-4635_record2_drive1_x2.mp4,NLC
4890-4655_record2_drive1_x2.mp4,NLC
4894-4674_record2_drive1_x2.mp4,NLC
4894-4694_record2_drive1_x2.mp4,NLC
4894-4734_record2_drive1_x2.mp4,NLC
4894-4774_record2_drive1_x2.mp4,NLC
4894-4814_record2_drive1_x2.mp4,NLC
4923-4662_record2_drive1_x2.mp4,NLC
4923-4682_record2_drive1_x2.mp4,NLC
4981-4701_record2_drive1_x2.mp4,NLC
4981-4721_record2_drive1_x2.mp4,NLC
4981-4761_record2_drive1_x2.mp4,NLC
4981-4801_record2_drive1_x2.mp4,NLC
4981-4841_record2_drive1_x2.mp4,NLC
4982-4723_record2_drive1_x2.mp4,NLC
4982-4743_record2_drive1_x2.mp4,NLC
4982-4783_record2_drive1_x2.mp4,NLC
4982-4823_record2_drive1_x2.mp4,NLC
4982-4863_record2_drive1_x2.mp4,NLC
4984-4703_record2_drive1_x2.mp4,NLC
4984-4723_record2_drive1_x2.mp4,NLC
4984-4763_record2_drive1_x2.mp4,NLC
4984-4803_record2_drive1_x2.mp4,NLC
4984-4843_record2_drive1_x2.mp4,NLC
5055-4758_record2_drive1_x2.mp4,NLC
5055-4778_record2_drive1_x2.mp4,NLC
5055-4818_record2_drive1_x2.mp4,NLC
510-616_record4_drive3_x2.mp4,NLC
5105-4782_record2_drive1_x2.mp4,NLC
5105-4802_record2_drive1_x2.mp4,NLC
517-466_record5_drive3_x2.mp4,NLC
517-486_record5_drive3_x2.mp4,NLC
517-526_record5_drive3_x2.mp4,NLC
5174-4861_record2_drive1_x2.mp4,NLC
5174-4881_record2_drive1_x2.mp4,NLC
5174-4921_record2_drive1_x2.mp4,NLC
5174-4961_record2_drive1_x2.mp4,NLC
5174-5001_record2_drive1_x2.mp4,NLC
5195-4878_record2_drive1_x2.mp4,NLC
5195-4898_record2_drive1_x2.mp4,NLC
5195-4938_record2_drive1_x2.mp4,NLC
5195-4978_record2_drive1_x2.mp4,NLC
5195-5018_record2_drive1_x2.mp4,NLC
52-28_record4_drive3_x2.mp4,NLC
52-48_record4_drive3_x2.mp4,NLC
5210-4887_record2_drive1_x2.mp4,NLC
5223-4899_record2_drive1_x2.mp4,NLC
5223-4919_record2_drive1_x2.mp4,NLC
5223-4959_record2_drive1_x2.mp4,NLC
529-478_record5_drive3_x2.mp4,NLC
529-498_record5_drive3_x2.mp4,NLC
529-538_record5_drive3_x2.mp4,NLC
529-578_record5_drive3_x2.mp4,NLC
529-618_record5_drive3_x2.mp4,NLC
53-39_record5_drive3_x2.mp4,NLC
5352-5026_record2_drive1_x2.mp4,NLC
548-661_record4_drive3_x2.mp4,NLC
548-681_record4_drive3_x2.mp4,NLC
548-721_record4_drive3_x2.mp4,NLC
548-761_record4_drive3_x2.mp4,NLC
548-801_record4_drive3_x2.mp4,NLC
5491-5194_record2_drive1_x2.mp4,NLC
5491-5214_record2_drive1_x2.mp4,NLC
5491-5254_record2_drive1_x2.mp4,NLC
5491-5362_record2_drive1_x2.mp4,NLC
5491-5382_record2_drive1_x2.mp4,NLC
5507-5206_record2_drive1_x2.mp4,NLC
5507-5226_record2_drive1_x2.mp4,NLC
5507-5266_record2_drive1_x2.mp4,NLC
5507-5306_record2_drive1_x2.mp4,NLC
5507-5346_record2_drive1_x2.mp4,NLC
5537-5353_record2_drive1_x2.mp4,NLC
555-513_record5_drive3_x2.mp4,NLC
555-533_record5_drive3_x2.mp4,NLC
555-573_record5_drive3_x2.mp4,NLC
555-613_record5_drive3_x2.mp4,NLC
561-522_record5_drive3_x2.mp4,NLC
5613-5292_record2_drive1_x2.mp4,NLC
5683-5352_record2_drive1_x2.mp4,NLC
5683-5372_record2_drive1_x2.mp4,NLC
5683-5412_record2_drive1_x2.mp4,NLC
5683-5452_record2_drive1_x2.mp4,NLC
5683-5492_record2_drive1_x2.mp4,NLC
5887-5555_record2_drive1_x2.mp4,NLC
5921-5637_record2_drive1_x2.mp4,NLC
5921-5657_record2_drive1_x2.mp4,NLC
5921-5784_record2_drive1_x2.mp4,NLC
5921-5804_record2_drive1_x2.mp4,NLC
5921-5844_record2_drive1_x2.mp4,NLC
593-565_record5_drive3_x2.mp4,NLC
593-585_record5_drive3_x2.mp4,NLC
5944-5592_record2_drive1_x2.mp4,NLC
5944-5612_record2_drive1_x2.mp4,NLC
5944-5652_record2_drive1_x2.mp4,NLC
5944-5692_record2_drive1_x2.mp4,NLC
5944-5732_record2_drive1_x2.mp4,NLC
596-573_record5_drive3_x2.mp4,NLC
596-593_record5_drive3_x2.mp4,NLC
596-633_record5_drive3_x2.mp4,NLC
6044-5688_record2_drive1_x2.mp4,NLC
6101-5738_record2_drive1_x2.mp4,NLC
6106-5834_record2_drive1_x2.mp4,NLC
6106-5854_record2_drive1_x2.mp4,NLC
6106-5894_record2_drive1_x2.mp4,NLC
6106-5934_record2_drive1_x2.mp4,NLC
6121-5754_record2_drive1_x2.mp4,NLC
6121-5774_record2_drive1_x2.mp4,NLC
6190-5825_record2_drive1_x2.mp4,NLC
6190-5845_record2_drive1_x2.mp4,NLC
6240-5867_record2_drive1_x2.mp4,NLC
6240-5887_record2_drive1_x2.mp4,NLC
6240-5927_record2_drive1_x2.mp4,NLC
6240-5967_record2_drive1_x2.mp4,NLC
6240-6007_record2_drive1_x2.mp4,NLC
627-719_record4_drive3_x2.mp4,NLC
627-739_record4_drive3_x2.mp4,NLC
627-779_record4_drive3_x2.mp4,NLC
632-618_record5_drive3_x2.mp4,NLC
632-638_record5_drive3_x2.mp4,NLC
632-745_record5_drive3_x2.mp4,NLC
632-765_record5_drive3_x2.mp4,NLC
632-805_record5_drive3_x2.mp4,NLC
6353-5971_record2_drive1_x2.mp4,NLC
6363-5986_record2_drive1_x2.mp4,NLC
6363-6006_record2_drive1_x2.mp4,NLC
6363-6046_record2_drive1_x2.mp4,NLC
6396-6013_record2_drive1_x2.mp4,NLC
6400-6016_record2_drive1_x2.mp4,NLC
6400-6036_record2_drive1_x2.mp4,NLC
6400-6105_record2_drive1_x2.mp4,NLC
6400-6125_record2_drive1_x2.mp4,NLC
6400-6165_record2_drive1_x2.mp4,NLC
6415-6025_record2_drive1_x2.mp4,NLC
6464-6052_record2_drive1_x2.mp4,NLC
6464-6072_record2_drive1_x2.mp4,NLC
6501-6080_record2_drive1_x2.mp4,NLC
6522-6090_record2_drive1_x2.mp4,NLC
6577-6116_record2_drive1_x2.mp4,NLC
6577-6136_record2_drive1_x2.mp4,NLC
6577-6176_record2_drive1_x2.mp4,NLC
6580-6118_record2_drive1_x2.mp4,NLC
6594-6126_record2_drive1_x2.mp4,NLC
6607-6133_record2_drive1_x2.mp4,NLC
6607-6153_record2_drive1_x2.mp4,NLC
6607-6261_record2_drive1_x2.mp4,NLC
6607-6363_record2_drive1_x2.mp4,NLC
6607-6383_record2_drive1_x2.mp4,NLC
6625-6144_record2_drive1_x2.mp4,NLC
6625-6164_record2_drive1_x2.mp4,NLC
6625-6204_record2_drive1_x2.mp4,NLC
6625-6244_record2_drive1_x2.mp4,NLC
67-49_record5_drive3_x2.mp4,NLC
6714-6201_record2_drive1_x2.mp4,NLC
6714-6221_record2_drive1_x2.mp4,NLC
6714-6261_record2_drive1_x2.mp4,NLC
6714-6301_record2_drive1_x2.mp4,NLC
6714-6341_record2_drive1_x2.mp4,NLC
672-668_record5_drive3_x2.mp4,NLC
672-688_record5_drive3_x2.mp4,NLC
672-728_record5_drive3_x2.mp4,NLC
672-768_record5_drive3_x2.mp4,NLC
672-808_record5_drive3_x2.mp4,NLC
6722-6205_record2_drive1_x2.mp4,NLC
6757-6224_record2_drive1_x2.mp4,NLC
6801-6260_record2_drive1_x2.mp4,NLC
6805-6261_record2_drive1_x2.mp4,NLC
6805-6281_record2_drive1_x2.mp4,NLC
683-682_record5_drive3_x2.mp4,NLC
683-702_record5_drive3_x2.mp4,NLC
6890-6309_record2_drive1_x2.mp4,NLC
6890-6329_record2_drive1_x2.mp4,NLC
6918-6328_record2_drive1_x2.mp4,NLC
6918-6348_record2_drive1_x2.mp4,NLC
6918-6494_record2_drive1_x2.mp4,NLC
6918-6514_record2_drive1_x2.mp4,NLC
6918-6554_record2_drive1_x2.mp4,NLC
698-700_record5_drive3_x2.mp4,NLC
698-720_record5_drive3_x2.mp4,NLC
698-760_record5_drive3_x2.mp4,NLC
698-800_record5_drive3_x2.mp4,NLC
6991-6400_record2_drive1_x2.mp4,NLC
7009-6393_record2_drive1_x2.mp4,NLC
7009-6413_record2_drive1_x2.mp4,NLC
707-715_record5_drive3_x2.mp4,NLC
707-735_record5_drive3_x2.mp4,NLC
707-775_record5_drive3_x2.mp4,NLC
707-815_record5_drive3_x2.mp4,NLC
707-855_record5_drive3_x2.mp4,NLC
7077-6475_record2_drive1_x2.mp4,NLC
7077-6495_record2_drive1_x2.mp4,NLC
7077-6535_record2_drive1_x2.mp4,NLC
7077-6575_record2_drive1_x2.mp4,NLC
7084-6486_record2_drive1_x2.mp4,NLC
7084-6506_record2_drive1_x2.mp4,NLC
7084-6677_record2_drive1_x2.mp4,NLC
7084-6697_record2_drive1_x2.mp4,NLC
7084-6737_record2_drive1_x2.mp4,NLC
7085-6488_record2_drive1_x2.mp4,NLC
7090-6492_record2_drive1_x2.mp4,NLC
7090-6512_record2_drive1_x2.mp4,NLC
7090-6552_record2_drive1_x2.mp4,NLC
7092-6499_record2_drive1_x2.mp4,NLC
710-716_record5_drive3_x2.mp4,NLC
7105-6516_record2_drive1_x2.mp4,NLC
7105-6536_record2_drive1_x2.mp4,NLC
7105-6576_record2_drive1_x2.mp4,NLC
7129-6547_record2_drive1_x2.mp4,NLC
7134-6549_record2_drive1_x2.mp4,NLC
7139-6553_record2_drive1_x2.mp4,NLC
7139-6573_record2_drive1_x2.mp4,NLC
715-810_record4_drive3_x2.mp4,NLC
716-726_record5_drive3_x2.mp4,NLC
716-746_record5_drive3_x2.mp4,NLC
716-786_record5_drive3_x2.mp4,NLC
716-826_record5_drive3_x2.mp4,NLC
716-866_record5_drive3_x2.mp4,NLC
7181-6631_record2_drive1_x2.mp4,NLC
7181-6651_record2_drive1_x2.mp4,NLC
7192-6645_record2_drive1_x2.mp4,NLC
7200-6655_record2_drive1_x2.mp4,NLC
7200-6675_record2_drive1_x2.mp4,NLC
7200-6715_record2_drive1_x2.mp4,NLC
7204-6659_record2_drive1_x2.mp4,NLC
7204-6679_record2_drive1_x2.mp4,NLC
7204-6719_record2_drive1_x2.mp4,NLC
7204-6759_record2_drive1_x2.mp4,NLC
7212-6672_record2_drive1_x2.mp4,NLC
7212-6692_record2_drive1_x2.mp4,NLC
7212-6732_record2_drive1_x2.mp4,NLC
7212-6772_record2_drive1_x2.mp4,NLC
7212-6812_record2_drive1_x2.mp4,NLC
7257-6718_record2_drive1_x2.mp4,NLC
7386-6818_record2_drive1_x2.mp4,NLC
7386-6838_record2_drive1_x2.mp4,NLC
7386-6878_record2_drive1_x2.mp4,NLC
7386-6918_record2_drive1_x2.mp4,NLC
7386-6958_record2_drive1_x2.mp4,NLC
7395-6830_record2_drive1_x2.mp4,NLC
7395-6850_record2_drive1_x2.mp4,NLC
7395-6890_record2_drive1_x2.mp4,NLC
7395-6930_record2_drive1_x2.mp4,NLC
742-767_record5_drive3_x2.mp4,NLC
742-787_record5_drive3_x2.mp4,NLC
742-827_record5_drive3_x2.mp4,NLC
742-867_record5_drive3_x2.mp4,NLC
742-907_record5_drive3_x2.mp4,NLC
7466-6935_record2_drive1_x2.mp4,NLC
7485-6937_record2_drive1_x2.mp4,NLC
7485-6957_record2_drive1_x2.mp4,NLC
7485-6997_record2_drive1_x2.mp4,NLC
7485-7037_record2_drive1_x2.mp4,NLC
7485-7077_record2_drive1_x2.mp4,NLC
7490-6943_record2_drive1_x2.mp4,NLC
7490-6963_record2_drive1_x2.mp4,NLC
7490-7003_record2_drive1_x2.mp4,NLC
7490-7043_record2_drive1_x2.mp4,NLC
7490-7083_record2_drive1_x2.mp4,NLC
7543-7000_record2_drive1_x2.mp4,NLC
7569-7033_record2_drive1_x2.mp4,NLC
7569-7053_record2_drive1_x2.mp4,NLC
7569-7093_record2_drive1_x2.mp4,NLC
7569-7133_record2_drive1_x2.mp4,NLC
7604-7056_record2_drive1_x2.mp4,NLC
761-799_record5_drive3_x2.mp4,NLC
7620-7071_record2_drive1_x2.mp4,NLC
7620-7091_record2_drive1_x2.mp4,NLC
7620-7131_record2_drive1_x2.mp4,NLC
7620-7171_record2_drive1_x2.mp4,NLC
7620-7211_record2_drive1_x2.mp4,NLC
7630-7081_record2_drive1_x2.mp4,NLC
7630-7101_record2_drive1_x2.mp4,NLC
7630-7141_record2_drive1_x2.mp4,NLC
7630-7181_record2_drive1_x2.mp4,NLC
7683-7151_record2_drive1_x2.mp4,NLC
7698-7166_record2_drive1_x2.mp4,NLC
7699-7210_record2_drive1_x2.mp4,NLC
7699-7230_record2_drive1_x2.mp4,NLC
7699-7270_record2_drive1_x2.mp4,NLC
7699-7310_record2_drive1_x2.mp4,NLC
7759-7264_record2_drive1_x2.mp4,NLC
777-817_record5_drive3_x2.mp4,NLC
7794-7290_record2_drive1_x2.mp4,NLC
7794-7310_record2_drive1_x2.mp4,NLC
7794-7350_record2_drive1_x2.mp4,NLC
7794-7390_record2_drive1_x2.mp4,NLC
7794-7430_record2_drive1_x2.mp4,NLC
7809-7304_record2_drive1_x2.mp4,NLC
7809-7324_record2_drive1_x2.mp4,NLC
783-824_record5_drive3_x2.mp4,NLC
7907-7400_record2_drive1_x2.mp4,NLC
7913-7407_record2_drive1_x2.mp4,NLC
7913-7427_record2_drive1_x2.mp4,NLC
7922-7416_record2_drive1_x2.mp4,NLC
7922-7436_record2_drive1_x2.mp4,NLC
7922-7476_record2_drive1_x2.mp4,NLC
7922-7516_record2_drive1_x2.mp4,NLC
7922-7556_record2_drive1_x2.mp4,NLC
795-868_record4_drive3_x2.mp4,NLC
7959-7446_record2_drive1_x2.mp4,NLC
7959-7466_record2_drive1_x2.mp4,NLC
8002-7503_record2_drive1_x2.mp4,NLC
8002-7523_record2_drive1_x2.mp4,NLC
8002-7563_record2_drive1_x2.mp4,NLC
8002-7603_record2_drive1_x2.mp4,NLC
8002-7643_record2_drive1_x2.mp4,NLC
8010-7512_record2_drive1_x2.mp4,NLC
8010-7532_record2_drive1_x2.mp4,NLC
8022-7522_record2_drive1_x2.mp4,NLC
8022-7542_record2_drive1_x2.mp4,NLC
8022-7582_record2_drive1_x2.mp4,NLC
8022-7622_record2_drive1_x2.mp4,NLC
8022-7662_record2_drive1_x2.mp4,NLC
807-867_record5_drive3_x2.mp4,NLC
807-887_record5_drive3_x2.mp4,NLC
8075-7590_record2_drive1_x2.mp4,NLC
8075-7610_record2_drive1_x2.mp4,NLC
8075-7650_record2_drive1_x2.mp4,NLC
8085-7612_record2_drive1_x2.mp4,NLC
8085-7632_record2_drive1_x2.mp4,NLC
8085-7672_record2_drive1_x2.mp4,NLC
8085-7712_record2_drive1_x2.mp4,NLC
8085-7752_record2_drive1_x2.mp4,NLC
8138-7704_record2_drive1_x2.mp4,NLC
8138-7724_record2_drive1_x2.mp4,NLC
8138-7764_record2_drive1_x2.mp4,NLC
82-117_record5_drive3_x2.mp4,NLC
82-157_record5_drive3_x2.mp4,NLC
82-57_record5_drive3_x2.mp4,NLC
82-77_record5_drive3_x2.mp4,NLC
820-900_record5_drive3_x2.mp4,NLC
820-920_record5_drive3_x2.mp4,NLC
822-908_record5_drive3_x2.mp4,NLC
822-928_record5_drive3_x2.mp4,NLC
8308-7897_record2_drive1_x2.mp4,NLC
8325-7912_record2_drive1_x2.mp4,NLC
8337-7927_record2_drive1_x2.mp4,NLC
835-900_record4_drive3_x2.mp4,NLC
836-902_record4_drive3_x2.mp4,NLC
8403-7975_record2_drive1_x2.mp4,NLC
8403-7995_record2_drive1_x2.mp4,NLC
8403-8035_record2_drive1_x2.mp4,NLC
8403-8075_record2_drive1_x2.mp4,NLC
8403-8115_record2_drive1_x2.mp4,NLC
8410-7989_record2_drive1_x2.mp4,NLC
8410-8009_record2_drive1_x2.mp4,NLC
8417-7994_record2_drive1_x2.mp4,NLC
8417-8014_record2_drive1_x2.mp4,NLC
8418-7995_record2_drive1_x2.mp4,NLC
8448-8031_record2_drive1_x2.mp4,NLC
8448-8051_record2_drive1_x2.mp4,NLC
8448-8091_record2_drive1_x2.mp4,NLC
8481-8061_record2_drive1_x2.mp4,NLC
8481-8081_record2_drive1_x2.mp4,NLC
8481-8121_record2_drive1_x2.mp4,NLC
8481-8161_record2_drive1_x2.mp4,NLC
8481-8201_record2_drive1_x2.mp4,NLC
8515-8120_record2_drive1_x2.mp4,NLC
8515-8160_record2_drive1_x2.mp4,NLC
8515-8200_record2_drive1_x2.mp4,NLC
8540-8128_record2_drive1_x2.mp4,NLC
8594-8187_record2_drive1_x2.mp4,NLC
8594-8207_record2_drive1_x2.mp4,NLC
8605-8202_record2_drive1_x2.mp4,NLC
8605-8222_record2_drive1_x2.mp4,NLC
8605-8262_record2_drive1_x2.mp4,NLC
8651-8254_record2_drive1_x2.mp4,NLC
8679-8295_record2_drive1_x2.mp4,NLC
8729-8359_record2_drive1_x2.mp4,NLC
8729-8379_record2_drive1_x2.mp4,NLC
8729-8419_record2_drive1_x2.mp4,NLC
875-969_record5_drive3_x2.mp4,NLC
876-1003_record5_drive3_x2.mp4,NLC
876-1115_record5_drive3_x2.mp4,NLC
876-1135_record5_drive3_x2.mp4,NLC
876-1175_record5_drive3_x2.mp4,NLC
876-1215_record5_drive3_x2.mp4,NLC
8812-8497_record2_drive1_x2.mp4,NLC
8812-8517_record2_drive1_x2.mp4,NLC
8816-8506_record2_drive1_x2.mp4,NLC
882-1008_record4_drive3_x2.mp4,NLC
882-1028_record4_drive3_x2.mp4,NLC
882-1068_record4_drive3_x2.mp4,NLC
882-1108_record4_drive3_x2.mp4,NLC
882-1148_record4_drive3_x2.mp4,NLC
883-939_record4_drive3_x2.mp4,NLC
8839-8578_record2_drive1_x2.mp4,NLC
8870-8636_record2_drive1_x2.mp4,NLC
8870-8656_record2_drive1_x2.mp4,NLC
8870-8696_record2_drive1_x2.mp4,NLC
8870-8736_record2_drive1_x2.mp4,NLC
8870-8776_record2_drive1_x2.mp4,NLC
8929-8846_record2_drive1_x2.mp4,NLC
8966-9090_record2_drive1_x2.mp4,NLC
8966-9130_record2_drive1_x2.mp4,NLC
8966-9170_record2_drive1_x2.mp4,NLC
8991-9173_record2_drive1_x2.mp4,NLC
9034-9284_record2_drive1_x2.mp4,NLC
9149-9457_record2_drive1_x2.mp4,NLC
9149-9477_record2_drive1_x2.mp4,NLC
9149-9517_record2_drive1_x2.mp4,NLC
9149-9557_record2_drive1_x2.mp4,NLC
9149-9597_record2_drive1_x2.mp4,NLC
917-995_record5_drive3_x2.mp4,NLC
9182-9531_record2_drive1_x2.mp4,NLC
9182-9551_record2_drive1_x2.mp4,NLC
9182-9591_record2_drive1_x2.mp4,NLC
920-975_record4_drive3_x2.mp4,NLC
926-1000_record5_drive3_x2.mp4,NLC
926-1020_record5_drive3_x2.mp4,NLC
926-1060_record5_drive3_x2.mp4,NLC
926-1100_record5_drive3_x2.mp4,NLC
926-1140_record5_drive3_x2.mp4,NLC
934-1060_record4_drive3_x2.mp4,NLC
9431-10128_record2_drive1_x2.mp4,NLC
9432-10129_record2_drive1_x2.mp4,NLC
9434-10145_record2_drive1_x2.mp4,NLC
944-1008_record5_drive3_x2.mp4,NLC
9485-10285_record2_drive1_x2.mp4,NLC
9485-10305_record2_drive1_x2.mp4,NLC
9517-10402_record2_drive1_x2.mp4,NLC
9517-10422_record2_drive1_x2.mp4,NLC
9517-10462_record2_drive1_x2.mp4,NLC
9517-10502_record2_drive1_x2.mp4,NLC
9517-10659_record2_drive1_x2.mp4,NLC
9557-10458_record2_drive1_x2.mp4,NLC
957-1006_record4_drive3_x2.mp4,NLC
957-1026_record4_drive3_x2.mp4,NLC
957-1066_record4_drive3_x2.mp4,NLC
957-1106_record4_drive3_x2.mp4,NLC
959-1014_record5_drive3_x2.mp4,NLC
9648-10563_record2_drive1_x2.mp4,NLC
9648-10583_record2_drive1_x2.mp4,NLC
9672-10597_record2_drive1_x2.mp4,NLC
9675-10600_record2_drive1_x2.mp4,NLC
9676-10601_record2_drive1_x2.mp4,NLC
9676-10621_record2_drive1_x2.mp4,NLC
9691-10623_record2_drive1_x2.mp4,NLC
9707-10649_record2_drive1_x2.mp4,NLC
9707-10669_record2_drive1_x2.mp4,NLC
9707-10709_record2_drive1_x2.mp4,NLC
9712-10664_record2_drive1_x2.mp4,NLC
9715-10664_record2_drive1_x2.mp4,NLC
9715-10684_record2_drive1_x2.mp4,NLC
9743-10702_record2_drive1_x2.mp4,NLC
9743-10722_record2_drive1_x2.mp4,NLC
9743-10817_record2_drive1_x2.mp4,NLC
9749-10706_record2_drive1_x2.mp4,NLC
975-1027_record4_drive3_x2.mp4,NLC
975-1047_record4_drive3_x2.mp4,NLC
975-1087_record4_drive3_x2.mp4,NLC
975-1127_record4_drive3_x2.mp4,NLC
975-1167_record4_drive3_x2.mp4,NLC
976-1028_record4_drive3_x2.mp4,NLC
9779-10760_record2_drive1_x2.mp4,NLC
9779-10780_record2_drive1_x2.mp4,NLC
9780-10761_record2_drive1_x2.mp4,NLC
9791-10776_record2_drive1_x2.mp4,NLC
9793-10777_record2_drive1_x2.mp4,NLC
9831-10830_record2_drive1_x2.mp4,NLC
9831-10850_record2_drive1_x2.mp4,NLC
9840-10837_record2_drive1_x2.mp4,NLC
9840-10857_record2_drive1_x2.mp4,NLC
9840-10897_record2_drive1_x2.mp4,NLC
9840-10937_record2_drive1_x2.mp4,NLC
9840-10977_record2_drive1_x2.mp4,NLC
9852-10858_record2_drive1_x2.mp4,NLC
9856-10870_record2_drive1_x2.mp4,NLC
9856-10890_record2_drive1_x2.mp4,NLC
9856-10930_record2_drive1_x2.mp4,NLC
9856-10970_record2_drive1_x2.mp4,NLC
9856-11010_record2_drive1_x2.mp4,NLC
9863-10880_record2_drive1_x2.mp4,NLC
9863-10900_record2_drive1_x2.mp4,NLC
9863-10940_record2_drive1_x2.mp4,NLC
9863-10980_record2_drive1_x2.mp4,NLC
9863-11020_record2_drive1_x2.mp4,NLC
9865-10881_record2_drive1_x2.mp4,NLC
9865-10901_record2_drive1_x2.mp4,NLC
9867-10883_record2_drive1_x2.mp4,NLC
9867-10903_record2_drive1_x2.mp4,NLC
9867-10943_record2_drive1_x2.mp4,NLC
9867-10983_record2_drive1_x2.mp4,NLC
9936-11022_record2_drive1_x2.mp4,NLC
9981-11129_record2_drive1_x2.mp4,NLC
9984-11142_record2_drive1_x2.mp4,NLC
9984-11162_record2_drive1_x2.mp4,NLC
